review_id,compound_score
6,0.6631
7,0.9783
8,0.9937
9,0.9154
10,0.9992
11,-0.7352
12,0.9775
13,0.9154
14,0.5467
15,0.3612
16,0.9926
17,0.9861
18,0.381
19,0.96
20,0.9967
21,0.9775
22,0.9904
23,0.9763
24,0.9809
25,0.793
26,0.7469
27,0.9987
28,0.9158
29,0.935
30,0.9732
31,0.9472
32,0.9472
33,0.3612
34,0.986
35,0.9924
36,0.9638
37,0.9062
38,0.9991
39,0.9731
40,0.9795
41,-0.7352
42,0.9809
43,0.9569
44,0.9932
45,0.9986
46,0.629
47,0.9975
48,0.1546
49,0.1823
50,-0.4019
51,0.8591
52,0.9809
53,0.4762
54,0.6925
55,0.8957
56,0.9697
57,0.9867
58,0.9967
59,0.9936
60,0.9738
61,0.9118
62,0.936
63,0.9337
64,0.9633
65,0.8201
66,0.9475
67,0.9679
68,0.9932
69,0.9141
70,0.9724
71,0.381
72,0.9967
73,0.9134
74,0.9784
75,0.9679
76,0.9992
77,0.9967
78,0.9345
79,0.9668
80,0.9679
81,0.9987
82,0.9475
83,0.9778
84,0.9731
85,0.629
86,0.9992
87,0.9924
88,0.9764
89,0.986
90,0.9158
91,0.9992
92,0.9285
93,0.9633
94,0.9929
95,-0.296
96,0.9472
97,0.5252
98,0.9982
99,0.9929
100,0.9987
101,-0.673
102,0.9967
103,0.9964
104,0.9989
105,0.9472
106,0.9709
107,0.9482
108,0.9433
109,0.9992
110,0.8501
111,0.7469
112,0.9141
113,0.9936
114,0.9827
115,0.965
116,0.9967
117,0.957
118,0.9382
119,0.765
120,0.8501
121,0.9449
122,0.9967
123,0.988
124,0.9967
125,0.9617
126,0.9831
127,0.9439
128,0.765
129,0.9986
130,0.9707
131,0.986
132,0.9439
133,0.8966
134,0.8201
135,0.9932
136,0.9967
137,0.9926
138,0.8735
139,0.7722
140,0.9345
141,0.9141
142,0.9962
143,0.9967
144,0.9904
145,0.9775
146,0.9904
147,0.3612
148,0.6729
149,0.9507
150,0.9929
151,0.9624
152,0.7469
153,0.9784
154,0.7351
155,0.9895
156,0.6357
157,0.629
158,0.9967
159,0.9992
160,0.9967
161,0.1546
162,0.9993
163,0.9761
164,0.9924
165,-0.673
166,0.1546
167,0.9525
168,0.1546
169,0.9154
170,0.8966
171,0.952
172,0.9439
173,0.9828
174,0.9932
175,-0.673
176,0.1546
177,0.6689
178,0.8966
179,0.9987
180,0.9986
181,0.9246
182,0.9996
183,0.952
184,0.9743
185,0.765
186,0.9784
187,0.9992
188,0.1546
189,0.9505
190,0.9985
191,0.9472
192,0.9986
193,0.9987
194,0.6759
195,0.9867
196,0.8966
197,0.9967
198,0.9638
199,0.899
200,-0.7352
201,0.6816
202,0.9764
203,0.9867
204,0.9732
205,0.9987
206,0.8984
207,0.9997
208,0.9472
209,0.9246
210,0.629
211,0.9967
212,0.8501
213,0.9929
214,0.9992
215,0.9141
216,0.9472
217,0.9943
218,0.9992
219,0.9679
220,0.9505
221,0.9962
222,0.9783
223,0.9472
224,0.986
225,0.9906
226,0.8974
227,0.936
228,0.9926
229,0.9697
230,0.986
231,0.9338
232,0.9784
233,-0.296
234,0.9062
235,0.9433
236,0.9964
237,0.9652
238,0.9986
239,0.995
240,0.9967
241,0.9743
242,0.9833
243,0.9844
244,0.9844
245,0.936
246,0.9906
247,0.9967
248,0.9906
249,0.9925
250,0.9936
251,0.8462
252,0.9778
253,0.9732
254,0.9987
255,0.9246
256,0.9534
257,0.9775
258,0.9313
259,0.9943
260,0.9982
261,0.9246
262,0.9883
263,0.9787
264,0.9982
265,0.9246
266,0.7933
267,-0.673
268,0.9883
269,0.3612
270,0.8966
271,0.9764
272,0.9996
273,0.9472
274,0.9475
275,0.9932
276,0.2644
277,0.9831
278,0.986
279,0.9732
280,0.9987
281,0.9982
282,0.9992
283,0.9932
284,0.9001
285,0.9867
286,0.9666
287,0.9216
288,0.9967
289,0.9472
290,0.9992
291,0.9989
292,0.9707
293,0.9334
294,0.9732
295,0.9983
296,0.9783
297,0.9919
298,0.9062
299,0.6631
300,0.9062
301,0.8966
302,0.2644
303,0.7722
304,0.8591
305,-0.393
306,0.9814
307,0.9385
308,0.3612
309,0.8201
310,0.9982
311,0.9809
312,-0.2755
313,0.9488
314,0.9507
315,0.9937
316,0.9732
317,0.9118
318,-0.8471
319,0.6729
320,-0.2755
321,0.9617
322,-0.296
323,0.4588
324,0.9821
325,0.9424
326,0.9924
327,-0.0161
328,0.96
329,0.7772
330,0.9569
331,0.8243
332,0.9937
333,0.9992
334,0.9822
335,0.2644
336,-0.4019
337,0.8664
338,0.8201
339,0.6759
340,0.4939
341,0.9246
342,0.9982
343,-0.296
344,-0.0161
345,0.9743
346,0.8974
347,-0.296
348,0.9666
349,0.9986
350,0.997
351,0.4404
352,0.9967
353,0.3612
354,0.9967
355,0.8735
356,0.9141
357,0.3734
358,0.9967
359,0.9285
360,0.9569
361,0.9154
362,0.9141
363,0.9986
364,0.9962
365,0.9781
366,0.9992
367,0.9638
368,0.9937
369,0.9929
370,0.4939
371,0.965
372,0.3612
373,0.9763
374,0.4404
375,0.9992
376,0.8966
377,0.765
378,0.9647
379,0.9895
380,0.9937
381,0.9833
382,0.7579
383,0.9246
384,0.9844
385,0.9439
386,0.9141
387,0.9062
388,0.9992
389,0.9855
390,0.9652
391,0.9883
392,0.8735
393,0.916
394,0.1546
395,-0.673
396,0.9967
397,0.629
398,0.9141
399,0.9763
400,0.9962
401,0.8176
402,0.9439
403,0.899
404,0.765
405,0.997
406,0.7003
407,0.3612
408,0.9992
409,0.9783
410,0.9895
411,0.6689
412,0.9787
413,0.9967
414,0.7236
415,0.9158
416,0.765
417,0.8501
418,0.972
419,0.9472
420,0.9507
421,-0.673
422,0.9475
423,-0.296
424,0.9994
425,0.9475
426,0.899
427,0.8501
428,0.9852
429,0.8979
430,0.9737
431,0.9929
432,0.936
433,0.9883
434,0.9764
435,0.9709
436,0.9967
437,0.9937
438,0.8966
439,0.1823
440,0.9569
441,0.9737
442,0.9997
443,0.9449
444,0.997
445,0.8591
446,0.9883
447,0.9993
448,0.9334
449,0.9121
450,0.9285
451,0.9246
452,0.9246
453,0.9246
454,0.1546
455,0.3612
456,0.9984
457,0.9743
458,0.1546
459,0.381
460,0.9967
461,0.8501
462,0.8619
463,0.3612
464,0.9936
465,0.9831
466,0.1546
467,0.9543
468,0.9993
469,-0.673
470,0.793
471,0.9141
472,0.8591
473,0.9967
474,-0.7352
475,0.9475
476,-0.673
477,0.7469
478,0.9475
479,0.9881
480,0.9787
481,0.9943
482,0.9472
483,0.9792
484,0.9989
485,-0.673
486,0.9331
487,0.9732
488,0.9331
489,0.9821
490,0.8591
491,0.8588
492,0.9926
493,0.381
494,0.9932
495,0.9831
496,0.9154
497,0.9937
498,0.9998
499,0.8501
500,0.9439
501,0.8867
502,0.6759
503,0.9472
504,0.5252
505,0.9844
506,0.9967
507,0.9867
508,0.9932
509,0.9967
510,0.9697
511,0.9967
512,-0.1887
513,0.7579
514,0.9709
515,0.9617
516,0.9736
517,0.9633
518,0.9334
519,0.8844
520,-0.4019
521,0.9154
522,0.9822
523,0.9472
524,0.9967
525,0.9906
526,0.9929
527,0.9929
528,0.9638
529,0.9633
530,0.8984
531,-0.7455
532,0.9285
533,0.9743
534,0.8201
535,0.9724
536,0.7722
537,0.381
538,0.9967
539,0.9883
540,0.9992
541,0.9382
542,0.9986
543,0.9866
544,0.9679
545,0.9833
546,0.9992
547,0.8243
548,0.9638
549,-0.296
550,0.9929
551,0.9936
552,-0.7352
553,0.9822
554,0.9345
555,0.9439
556,0.9784
557,0.9926
558,0.7722
559,0.9472
560,0.9937
561,0.5252
562,0.9822
563,0.9345
564,0.9924
565,0.9822
566,0.629
567,0.9345
568,0.8176
569,0.9617
570,0.9783
571,0.9809
572,0.9883
573,0.1546
574,0.9472
575,0.4404
576,0.9998
577,0.9871
578,0.9732
579,0.9994
580,0.9987
581,0.9992
582,0.9783
583,0.9844
584,0.9246
585,0.9554
586,0.9472
587,0.8501
588,0.9334
589,0.9679
590,0.9246
591,0.9569
592,-0.1887
593,0.9987
594,0.9709
595,0.9246
596,0.9633
597,0.9986
598,0.9967
599,0.8501
600,0.9158
601,0.9638
602,0.9141
603,0.9505
604,0.7541
605,0.9475
606,0.9433
607,0.4404
608,-0.4019
609,0.8329
610,0.3612
611,0.9285
612,0.7772
613,0.9449
614,0.9967
615,0.9932
616,0.8344
617,0.9285
618,0.8957
619,0.9932
620,0.9472
621,0.9926
622,0.9992
623,-0.296
624,0.986
625,0.3612
626,0.9904
627,0.9986
628,-0.8471
629,0.9943
630,0.7469
631,0.936
632,0.9937
633,0.9787
634,0.9992
635,0.9932
636,0.8501
637,0.9929
638,0.765
639,0.9932
640,0.9936
641,0.9986
642,0.9121
643,0.9403
644,0.9439
645,0.9606
646,0.9709
647,0.9967
648,0.9297
649,0.9763
650,0.9967
651,0.997
652,0.9154
653,0.9937
654,0.9919
655,0.891
656,0.9937
657,0.3612
658,0.5467
659,0.9827
660,0.9997
661,0.9814
662,0.7964
663,0.9937
664,0.8957
665,0.9724
666,0.5252
667,0.9932
668,0.9516
669,0.6249
670,0.9141
671,0.9937
672,0.9822
673,0.9516
674,0.8883
675,0.9991
676,0.9974
677,0.9246
678,0.9814
679,-0.673
680,0.9732
681,0.8448
682,0.8501
683,0.8974
684,0.8619
685,0.8966
686,0.9784
687,0.9987
688,0.995
689,0.9633
690,0.9967
691,0.9993
692,0.9338
693,0.9962
694,0.9709
695,0.9936
696,0.9745
697,0.9783
698,0.1823
699,0.793
700,0.9158
701,0.9001
702,0.9967
703,0.7236
704,0.793
705,0.9743
706,0.9507
707,0.1546
708,0.9962
709,0.9732
710,0.921
711,0.9883
712,0.8834
713,0.9929
714,0.9001
715,0.9936
716,0.9967
717,0.765
718,0.8966
719,0.9569
720,0.9943
721,0.9246
722,0.963
723,0.9743
724,0.8462
725,0.9783
726,0.9638
727,0.9992
728,0.9996
729,0.9822
730,0.9867
731,0.9992
732,0.8619
733,0.9449
734,0.9784
735,0.9987
736,0.9525
737,0.9745
738,0.9984
739,0.9062
740,0.7469
741,0.9855
742,0.687
743,0.9345
744,0.9516
745,0.9885
746,0.9936
747,0.9334
748,0.9792
749,0.9985
750,0.9906
751,0.9583
752,0.793
753,0.9638
754,0.9937
755,0.9783
756,0.8966
757,0.9525
758,0.629
759,0.936
760,0.9732
761,-0.673
762,0.9984
763,0.9795
764,0.9732
765,0.9732
766,0.8591
767,0.9062
768,0.9321
769,0.9246
770,0.9866
771,0.9936
772,0.1823
773,0.7579
774,0.9158
775,0.9141
776,0.9062
777,0.9899
778,0.9792
779,0.9975
780,0.9787
781,0.9707
782,0.9285
783,0.9731
784,0.9899
785,0.9792
786,0.9982
787,0.9986
788,0.9385
789,0.9795
790,0.8591
791,0.935
792,0.9929
793,0.7389
794,0.9196
795,0.899
796,0.8176
797,0.9998
798,0.9732
799,0.4762
800,0.9732
801,0.5252
802,0.8883
803,0.991
804,0.9987
805,0.9331
806,0.1823
807,0.9647
808,0.381
809,0.9001
810,0.9787
811,0.9488
812,0.9985
813,0.9439
814,0.9783
815,0.9681
816,0.9472
817,0.9439
818,0.9385
819,-0.4019
820,0.8176
821,0.8966
822,0.9385
823,0.9439
824,0.9297
825,0.4762
826,0.9881
827,0.1546
828,0.6729
829,0.9781
830,0.765
831,0.9334
832,-0.9808
833,0.9472
834,0.587
835,-0.393
836,0.957
837,0.9246
838,-0.1973
839,0.9967
840,0.8767
841,0.9967
842,0.9822
843,-0.7455
844,0.9982
845,0.9924
846,0.9433
847,0.6249
848,0.9246
849,0.9792
850,0.9569
851,0.381
852,0.9696
853,0.7964
854,0.9285
855,0.8797
856,0.9924
857,0.8984
858,0.9926
859,0.9763
860,0.9822
861,-0.673
862,0.7003
863,0.3612
864,0.7722
865,0.9986
866,0.9822
867,0.9881
868,0.7918
869,0.9885
870,0.9439
871,0.9666
872,0.9936
873,0.9904
874,0.9196
875,0.9987
876,0.6689
877,0.997
878,0.9987
879,0.9937
880,0.921
881,0.9638
882,0.7722
883,0.9633
884,0.9967
885,0.1823
886,0.9154
887,0.9987
888,0.3612
889,0.4404
890,0.8957
891,0.899
892,0.9936
893,0.9709
894,0.9569
895,0.989
896,0.9783
897,0.9967
898,0.8974
899,0.9141
900,0.921
901,0.9924
902,0.9926
903,0.9967
904,0.965
905,0.9743
906,0.9439
907,0.9334
908,0.9475
909,0.9967
910,0.8974
911,0.8619
912,0.9985
913,0.9992
914,0.3612
915,0.9986
916,0.9784
917,0.8966
918,0.9992
919,0.9569
920,0.1823
921,0.9967
922,0.8448
923,0.8974
924,0.9745
925,0.9709
926,0.9936
927,0.8974
928,0.9926
929,0.9932
930,-0.2755
931,0.8583
932,0.9844
933,0.9743
934,0.7541
935,0.9924
936,0.936
937,0.965
938,0.5252
939,0.9745
940,0.9948
941,0.8344
942,0.9141
943,0.9967
944,0.9472
945,0.9709
946,0.9967
947,0.9724
948,0.916
949,0.9967
950,0.1546
951,0.8883
952,0.9538
953,0.9936
954,0.9652
955,0.8243
956,0.9984
957,0.765
958,0.9932
959,0.9967
960,0.9334
961,0.9313
962,0.9707
963,0.9967
964,0.9709
965,0.9967
966,0.9967
967,0.957
968,0.9297
969,0.9967
970,0.8591
971,0.9787
972,0.9141
973,0.9932
974,0.1546
975,0.9679
976,0.9936
977,0.9894
978,0.4404
979,0.9932
980,0.9919
981,0.9196
982,0.9775
983,0.9775
984,0.9861
985,0.9962
986,0.9932
987,-0.4019
988,0.6486
989,0.8523
990,0.9967
991,0.9569
992,0.793
993,0.9987
994,0.8591
995,0.8529
996,0.9989
997,0.997
998,0.9505
999,0.9985
1000,0.381
1001,0.9962
1002,0.9987
1003,0.9745
1004,0.9516
1005,0.9985
1006,0.9732
1007,0.9633
1008,0.6611
1009,0.9781
1010,0.9246
1011,0.9748
1012,0.9787
1013,0.4624
1014,0.9403
1015,0.9731
1016,0.9638
1017,0.9679
1018,0.9992
1019,0.9967
1020,0.9707
1021,0.9986
1022,0.6689
1023,0.9991
1024,0.9932
1025,0.9141
1026,0.9984
1027,0.9822
1028,0.9967
1029,-0.2755
1030,0.9285
1031,0.7722
1032,0.9883
1033,0.9987
1034,0.9784
1035,0.8619
1036,-0.0516
1037,0.9926
1038,0.9763
1039,0.9743
1040,0.9967
1041,0.9638
1042,0.7469
1043,0.9996
1044,0.9814
1045,0.9947
1046,0.9338
1047,0.5252
1048,0.9474
1049,0.963
1050,0.981
1051,0.988
1052,0.965
1053,0.9827
1054,0.4404
1055,0.9967
1056,0.899
1057,0.9569
1058,0.899
1059,0.9569
1060,0.9962
1061,0.9784
1062,0.9472
1063,0.9472
1064,-0.7352
1065,0.9987
1066,0.9993
1067,0.9945
1068,0.8834
1069,0.8974
1070,0.9987
1071,0.9992
1072,0.765
1073,0.9904
1074,-0.9578
1075,0.936
1076,0.9709
1077,0.9743
1078,0.963
1079,0.8619
1080,0.9784
1081,0.965
1082,0.9666
1083,0.9638
1084,0.9724
1085,0.9743
1086,-0.4019
1087,0.9679
1088,0.9062
1089,0.9993
1090,0.8664
1091,0.9745
1092,0.9743
1093,0.9932
1094,0.9992
1095,0.381
1096,0.7236
1097,-0.8471
1098,0.9784
1099,0.9831
1100,0.9943
1101,0.9141
1102,0.8735
1103,0.9246
1104,0.9929
1105,0.9941
1106,0.9482
1107,0.3612
1108,0.3571
1109,0.9967
1110,0.9439
1111,0.899
1112,-0.7352
1113,0.7469
1114,0.936
1115,0.5252
1116,0.9929
1117,0.9338
1118,0.9992
1119,0.9992
1120,0.9932
1121,0.9992
1122,0.9929
1123,0.9926
1124,0.9967
1125,0.9987
1126,0.5252
1127,0.9708
1128,0.9709
1129,0.9505
1130,0.9967
1131,0.4939
1132,0.9743
1133,0.9989
1134,0.9855
1135,0.9992
1136,0.9967
1137,0.3612
1138,0.9784
1139,0.9919
1140,0.9141
1141,0.989
1142,0.9866
1143,0.9338
1144,0.9196
1145,0.9633
1146,0.4404
1147,0.9962
1148,0.9986
1149,0.9331
1150,0.4404
1151,0.995
1152,0.9246
1153,0.3612
1154,0.9967
1155,0.9158
1156,0.985
1157,0.916
1158,0.2644
1159,0.9732
1160,0.9962
1161,0.9482
1162,0.9993
1163,0.9967
1164,0.8501
1165,0.9921
1166,0.9743
1167,-0.9373
1168,0.9141
1169,0.381
1170,0.9475
1171,0.972
1172,0.9936
1173,0.9569
1174,0.9996
1175,0.8966
1176,0.9633
1177,0.9992
1178,0.9586
1179,0.1546
1180,0.9141
1181,0.9967
1182,0.9439
1183,0.9795
1184,0.9866
1185,0.9937
1186,0.9967
1187,0.1546
1188,0.381
1189,0.6486
1190,0.9867
1191,0.916
1192,-0.296
1193,0.9783
1194,0.9993
1195,0.9814
1196,0.8501
1197,0.9586
1198,0.4762
1199,0.9932
1200,0.3612
1201,0.2243
1202,0.9955
1203,0.1546
1204,0.8966
1205,0.9937
1206,0.9569
1207,0.9987
1208,0.9666
1209,-0.673
1210,0.7389
1211,0.9943
1212,0.3723
1213,0.7003
1214,0.9986
1215,0.8462
1216,0.8563
1217,0.9764
1218,0.9967
1219,0.9505
1220,0.9543
1221,0.8867
1222,0.9686
1223,0.9505
1224,0.9904
1225,0.7389
1226,0.8501
1227,0.965
1228,0.9784
1229,0.986
1230,0.8735
1231,0.9647
1232,0.9924
1233,0.765
1234,0.4373
1235,0.9246
1236,0.9313
1237,0.9556
1238,0.9586
1239,0.4624
1240,0.9624
1241,0.9764
1242,0.9472
1243,0.9921
1244,0.8619
1245,0.1548
1246,0.2644
1247,0.8619
1248,0.936
1249,0.9867
1250,0.9987
1251,-0.296
1252,0.9345
1253,0.9925
1254,0.9736
1255,0.9246
1256,0.9141
1257,0.9929
1258,0.9996
1259,0.9792
1260,0.9943
1261,0.9967
1262,0.9887
1263,0.9937
1264,0.9775
1265,0.9867
1266,0.9937
1267,0.296
1268,-0.296
1269,0.9792
1270,0.9569
1271,0.9569
1272,0.9996
1273,0.9505
1274,0.9844
1275,0.9724
1276,0.9809
1277,0.9982
1278,0.9967
1279,0.9778
1280,0.9899
1281,0.9825
1282,0.9967
1283,0.687
1284,0.8478
1285,0.9724
1286,0.9936
1287,0.9967
1288,0.9371
1289,0.9987
1290,0.793
1291,0.8243
1292,0.9985
1293,0.9833
1294,0.9472
1295,0.765
1296,0.9141
1297,0.9285
1298,0.988
1299,0.9473
1300,0.8462
1301,0.8243
1302,0.9062
1303,0.7541
1304,0.9967
1305,0.9732
1306,0.7772
1307,0.9937
1308,0.7772
1309,0.9906
1310,0.9472
1311,0.9449
1312,0.9929
1313,0.4404
1314,0.9945
1315,0.8974
1316,0.4404
1317,-0.1973
1318,0.8619
1319,0.9936
1320,0.9724
1321,0.9932
1322,0.9997
1323,0.9867
1324,0.9737
1325,0.9932
1326,0.9947
1327,0.9569
1328,0.9764
1329,0.952
1330,0.9962
1331,0.9926
1332,0.9967
1333,0.4404
1334,0.9985
1335,0.9505
1336,-0.296
1337,0.9821
1338,0.9936
1339,0.9992
1340,0.9697
1341,0.96
1342,0.9929
1343,0.9064
1344,0.988
1345,0.9987
1346,0.9809
1347,0.9885
1348,0.9968
1349,0.9724
1350,0.3734
1351,0.7722
1352,0.8735
1353,0.9967
1354,0.9968
1355,-0.296
1356,0.8243
1357,0.9967
1358,0.9967
1359,0.9967
1360,0.9784
1361,0.9285
1362,0.9861
1363,0.9449
1364,0.9921
1365,-0.9578
1366,0.9967
1367,0.8201
1368,0.8834
1369,0.9867
1370,0.972
1371,0.9967
1372,0.9697
1373,0.9439
1374,0.9439
1375,0.9246
1376,0.9472
1377,0.9992
1378,0.9285
1379,0.936
1380,0.9482
1381,0.9473
1382,0.9439
1383,0.1548
1384,0.9852
1385,0.3612
1386,0.9062
1387,0.916
1388,0.9686
1389,0.9633
1390,0.965
1391,0.9724
1392,0.9764
1393,0.9686
1394,0.381
1395,0.9345
1396,0.8201
1397,0.963
1398,0.9472
1399,0.9904
1400,0.9062
1401,0.9472
1402,0.9707
1403,0.9932
1404,0.9929
1405,0.9987
1406,0.9967
1407,0.9784
1408,0.687
1409,0.989
1410,0.9697
1411,0.9745
1412,0.9784
1413,0.8984
1414,0.9937
1415,0.9929
1416,0.9967
1417,0.8619
1418,0.9141
1419,0.765
1420,0.9866
1421,-0.296
1422,0.9987
1423,-0.673
1424,0.9554
1425,0.9932
1426,0.9764
1427,0.9141
1428,0.3612
1429,0.9997
1430,0.9472
1431,0.9246
1432,0.9967
1433,0.9679
1434,0.9924
1435,0.9475
1436,0.9924
1437,0.9141
1438,0.9569
1439,0.6689
1440,0.986
1441,0.9397
1442,0.9904
1443,0.587
1444,0.8243
1445,0.9246
1446,-0.742
1447,0.9852
1448,0.9709
1449,0.9991
1450,0.9967
1451,0.7964
1452,0.9992
1453,0.9967
1454,0.9724
1455,0.9867
1456,0.9929
1457,0.4588
1458,0.5252
1459,0.9638
1460,0.8687
1461,0.9709
1462,0.9743
1463,0.9936
1464,0.8883
1465,0.9624
1466,-0.296
1467,0.9937
1468,0.9997
1469,0.9727
1470,0.7548
1471,0.9967
1472,0.9134
1473,0.952
1474,0.9062
1475,0.9695
1476,0.9439
1477,0.9852
1478,0.979
1479,0.8834
1480,0.9633
1481,-0.673
1482,0.9731
1483,0.989
1484,0.9154
1485,0.9516
1486,0.1546
1487,0.9967
1488,0.9141
1489,0.1546
1490,0.7389
1491,0.9285
1492,0.963
1493,0.957
1494,0.1546
1495,0.9732
1496,0.9371
1497,0.9893
1498,0.9924
1499,0.1546
1500,0.9975
1501,0.9986
1502,0.9833
1503,0.9525
1504,0.8957
1505,0.3612
1506,0.9403
1507,0.9418
1508,0.9763
1509,0.9967
1510,0.9943
1511,0.979
1512,-0.2755
1513,0.4404
1514,0.9246
1515,0.793
1516,0.939
1517,-0.9373
1518,0.9844
1519,0.9966
1520,0.9696
1521,-0.296
1522,0.9795
1523,0.381
1524,0.9852
1525,0.9062
1526,0.9569
1527,0.9338
1528,0.986
1529,0.9822
1530,0.9821
1531,0.9984
1532,0.989
1533,0.9158
1534,0.9001
1535,0.9947
1536,0.9583
1537,0.3612
1538,0.9899
1539,0.986
1540,0.8984
1541,-0.7352
1542,0.1548
1543,0.9707
1544,0.9001
1545,0.9992
1546,0.8448
1547,0.9764
1548,0.965
1549,0.9992
1550,0.9904
1551,0.921
1552,0.9638
1553,0.8977
1554,0.9551
1555,0.9943
1556,0.9565
1557,0.8371
1558,0.9062
1559,0.9784
1560,0.9967
1561,0.9976
1562,0.9967
1563,0.9996
1564,0.9949
1565,-0.296
1566,-0.9808
1567,0.9967
1568,0.9949
1569,0.9813
1570,0.9937
1571,0.9166
1572,0.9686
1573,0.9745
1574,0.9158
1575,0.4762
1576,0.9986
1577,0.9992
1578,0.3612
1579,0.9997
1580,0.9345
1581,0.9765
1582,0.9732
1583,0.9707
1584,0.9943
1585,0.9924
1586,0.7772
1587,0.9987
1588,0.9472
1589,0.3612
1590,0.9246
1591,0.8462
1592,0.9638
1593,0.9992
1594,0.9583
1595,0.9569
1596,0.9844
1597,0.9154
1598,0.9881
1599,0.9958
1600,0.9647
1601,0.9784
1602,0.9967
1603,0.9924
1604,0.9141
1605,0.9822
1606,0.9855
1607,-0.296
1608,0.7469
1609,0.1181
1610,-0.4019
1611,0.9967
1612,0.899
1613,0.9899
1614,0.9141
1615,0.9883
1616,0.9985
1617,0.8625
1618,0.9855
1619,0.6759
1620,0.8516
1621,-0.393
1622,0.985
1623,0.9246
1624,0.9921
1625,0.8516
1626,0.9883
1627,0.9994
1628,0.793
1629,0.1823
1630,0.8957
1631,0.9338
1632,0.986
1633,0.9964
1634,0.1004
1635,0.381
1636,0.9666
1637,0.9424
1638,0.4762
1639,0.9983
1640,0.9134
1641,0.6729
1642,0.381
1643,0.9784
1644,0.8591
1645,0.9994
1646,0.9679
1647,0.9731
1648,0.3612
1649,0.9919
1650,0.9921
1651,0.8867
1652,0.921
1653,0.9246
1654,0.988
1655,0.9743
1656,0.8619
1657,0.9936
1658,0.9932
1659,0.9881
1660,0.899
1661,0.9985
1662,-0.296
1663,0.9932
1664,0.9724
1665,0.9331
1666,0.9783
1667,0.9475
1668,0.9472
1669,0.9967
1670,0.9743
1671,0.8329
1672,0.1546
1673,0.9141
1674,0.3612
1675,0.3571
1676,0.9583
1677,0.9792
1678,0.6759
1679,0.9814
1680,0.9883
1681,0.836
1682,0.9385
1683,0.952
1684,0.7947
1685,0.9996
1686,0.921
1687,0.9631
1688,0.9072
1689,0.9995
1690,0.9297
1691,0.9992
1692,0.9967
1693,-0.296
1694,0.9719
1695,0.9985
1696,0.5252
1697,0.9967
1698,0.836
1699,0.972
1700,0.9331
1701,0.765
1702,0.9108
1703,0.9731
1704,0.9775
1705,0.9932
1706,0.8243
1707,0.9697
1708,0.9992
1709,0.9992
1710,0.9919
1711,0.9433
1712,0.8625
1713,0.9821
1714,0.8966
1715,0.9962
1716,-0.5364
1717,0.9062
1718,0.9943
1719,0.9141
1720,0.9709
1721,0.9472
1722,0.9987
1723,0.9992
1724,0.9141
1725,0.9472
1726,0.9475
1727,0.9987
1728,0.9345
1729,0.9449
1730,0.9985
1731,0.4762
1732,0.5423
1733,0.9062
1734,0.7351
1735,0.9141
1736,0.9731
1737,0.9932
1738,0.5252
1739,0.9285
1740,0.8842
1741,0.9992
1742,0.7964
1743,0.9993
1744,0.793
1745,0.899
1746,0.9246
1747,0.9967
1748,0.7722
1749,0.9985
1750,0.9472
1751,0.9638
1752,0.9967
1753,0.9921
1754,0.8867
1755,0.9062
1756,0.9962
1757,0.9472
1758,0.9964
1759,0.4404
1760,-0.1834
1761,0.9439
1762,0.9967
1763,0.9743
1764,0.9926
1765,0.9439
1766,0.9345
1767,0.9001
1768,0.9995
1769,0.9987
1770,0.9992
1771,0.9881
1772,0.4939
1773,0.9
1774,0.9331
1775,0.9158
1776,0.8717
1777,0.8903
1778,0.9764
1779,0.9731
1780,0.8966
1781,0.9
1782,0.9995
1783,0.997
1784,0.9867
1785,0.8501
1786,0.3734
1787,0.7089
1788,0.9745
1789,0.9919
1790,0.9697
1791,0.8243
1792,0.9936
1793,0.9719
1794,0.4762
1795,0.9
1796,0.9932
1797,0.5252
1798,0.6631
1799,0.9962
1800,0.9679
1801,0.9784
1802,0.9946
1803,0.9439
1804,0.9472
1805,0.9403
1806,0.9924
1807,0.9439
1808,0.9932
1809,0.9472
1810,0.9345
1811,0.8984
1812,0.9709
1813,0.9992
1814,0.9929
1815,0.9936
1816,0.1823
1817,0.9439
1818,-0.296
1819,0.4404
1820,0.9924
1821,0.9996
1822,0.916
1823,0.9987
1824,0.9783
1825,0.1823
1826,0.9647
1827,0.8516
1828,0.8974
1829,0.9246
1830,0.7548
1831,0.9947
1832,0.9154
1833,0.8176
1834,0.9993
1835,0.9433
1836,0.9932
1837,0.9439
1838,0.9731
1839,0.9936
1840,0.9298
1841,0.9962
1842,0.9932
1843,-0.4019
1844,0.9932
1845,0.9745
1846,-0.673
1847,0.4762
1848,0.8966
1849,0.6641
1850,0.9967
1851,0.9936
1852,0.9482
1853,0.9967
1854,0.9924
1855,0.8243
1856,0.9967
1857,0.8687
1858,0.6631
1859,0.9001
1860,0.9141
1861,0.9831
1862,0.4404
1863,0.9993
1864,0.9743
1865,0.9904
1866,0.2644
1867,0.9743
1868,0.1546
1869,0.9997
1870,0.9937
1871,0.9285
1872,0.9719
1873,0.7469
1874,0.9493
1875,0.9331
1876,0.9772
1877,0.3612
1878,0.5252
1879,0.9731
1880,0.9967
1881,0.8448
1882,0.9996
1883,0.9994
1884,0.7964
1885,0.5252
1886,0.9633
1887,-0.7352
1888,-0.673
1889,0.1546
1890,0.4624
1891,0.5252
1892,0.9313
1893,0.9932
1894,0.8448
1895,0.9993
1896,0.9141
1897,0.9732
1898,0.9475
1899,0.9246
1900,0.9731
1901,-0.9578
1902,0.9867
1903,0.9709
1904,0.9761
1905,0.9633
1906,0.963
1907,0.899
1908,0.1546
1909,0.1546
1910,0.9967
1911,0.9743
1912,0.9158
1913,0.9732
1914,0.9883
1915,0.9992
1916,0.8501
1917,0.9831
1918,0.9967
1919,0.9433
1920,0.4762
1921,0.9775
1922,-0.2755
1923,0.9924
1924,0.9997
1925,0.9666
1926,0.7722
1927,0.9987
1928,0.9986
1929,0.8966
1930,-0.673
1931,0.9822
1932,0.9783
1933,0.8501
1934,0.8501
1935,0.9986
1936,0.9883
1937,0.9936
1938,0.9472
1939,0.9246
1940,0.9932
1941,0.9936
1942,0.8735
1943,0.8501
1944,0.3612
1945,0.8243
1946,0.9975
1947,0.9679
1948,0.9732
1949,0.9743
1950,0.9962
1951,0.9989
1952,0.3612
1953,0.9987
1954,0.9822
1955,0.687
1956,0.9743
1957,0.9936
1958,0.9821
1959,0.8201
1960,0.9844
1961,0.9679
1962,0.9454
1963,0.9633
1964,-0.296
1965,0.3612
1966,0.9633
1967,0.6689
1968,0.9994
1969,0.9881
1970,0.9936
1971,0.9975
1972,0.8966
1973,0.9507
1974,0.8201
1975,0.9
1976,0.9141
1977,-0.2755
1978,0.9822
1979,0.9569
1980,0.8984
1981,0.9743
1982,-0.7352
1983,0.6742
1984,0.9906
1985,-0.8471
1986,0.8329
1987,0.9709
1988,0.8977
1989,0.9967
1990,0.765
1991,-0.1887
1992,0.9931
1993,0.9783
1994,0.9967
1995,-0.393
1996,0.9967
1997,0.9439
1998,-0.7352
1999,0.9986
2000,0.9134
2001,0.9932
2002,0.9967
2003,0.939
2004,0.9158
2005,0.9822
2006,0.9929
2007,0.9141
2008,0.9737
2009,0.9769
2010,0.9709
2011,0.9937
2012,0.9472
2013,0.765
2014,0.9679
2015,-0.5364
2016,0.8834
2017,0.9998
2018,0.9821
2019,-0.1887
2020,0.9815
2021,0.9973
2022,0.9784
2023,0.5252
2024,0.9936
2025,0.9331
2026,0.9987
2027,0.8974
2028,0.9141
2029,0.9472
2030,0.9505
2031,0.9784
2032,0.9985
2033,0.9473
2034,0.9904
2035,0.4404
2036,0.9298
2037,0.8735
2038,0.9967
2039,0.9638
2040,0.9141
2041,-0.5364
2042,0.9968
2043,0.9852
2044,0.9924
2045,0.9345
2046,0.9919
2047,0.9633
2048,0.9072
2049,-0.1973
2050,0.997
2051,0.9899
2052,0.963
2053,0.915
2054,0.8966
2055,0.9652
2056,0.9926
2057,0.381
2058,0.8591
2059,0.9984
2060,0.9888
2061,0.9345
2062,0.9708
2063,0.9692
2064,0.9964
2065,0.8591
2066,0.9472
2067,-0.7352
2068,0.793
2069,0.988
2070,0.9118
2071,0.4373
2072,0.939
2073,0.9439
2074,0.9932
2075,0.4762
2076,0.9334
2077,0.9929
2078,0.9814
2079,0.4404
2080,0.9924
2081,0.9936
2082,0.9986
2083,0.9638
2084,0.9943
2085,0.9345
2086,0.9382
2087,0.9895
2088,0.9769
2089,0.986
2090,0.9516
2091,0.6486
2092,0.7514
2093,0.9285
2094,0.6689
2095,0.5252
2096,0.9709
2097,0.899
2098,0.1823
2099,0.9709
2100,0.9984
2101,0.9967
2102,0.8966
2103,0.9743
2104,0.9475
2105,0.9929
2106,0.9867
2107,0.9867
2108,0.916
2109,0.9937
2110,-0.0161
2111,0.9633
2112,0.9982
2113,0.5252
2114,0.9992
2115,0.9936
2116,0.9982
2117,0.9967
2118,0.9795
2119,0.9967
2120,0.8984
2121,0.9134
2122,0.9141
2123,0.9987
2124,0.8619
2125,0.9439
2126,0.9844
2127,0.9924
2128,0.9958
2129,0.9936
2130,0.8201
2131,0.9992
2132,0.9929
2133,0.9141
2134,0.9246
2135,0.687
2136,0.9936
2137,0.9967
2138,0.9996
2139,0.9679
2140,0.9775
2141,0.9784
2142,0.9246
2143,0.9679
2144,0.9285
2145,0.9924
2146,0.9895
2147,0.9945
2148,0.9867
2149,0.965
2150,0.9987
2151,0.9844
2152,0.9986
2153,0.9141
2154,0.9992
2155,0.1546
2156,0.9783
2157,0.9986
2158,0.9633
2159,0.765
2160,0.9932
2161,0.8735
2162,0.9967
2163,0.8984
2164,0.9937
2165,0.9141
2166,0.9475
2167,0.629
2168,0.9724
2169,0.9937
2170,0.9679
2171,0.9246
2172,0.9001
2173,0.9929
2174,0.9844
2175,0.9986
2176,0.9072
2177,0.9904
2178,0.9932
2179,0.9505
2180,0.9472
2181,0.9505
2182,0.9967
2183,0.9987
2184,0.9929
2185,0.9997
2186,0.9926
2187,0.997
2188,0.8243
2189,0.9992
2190,0.9932
2191,0.9472
2192,0.965
2193,0.9449
2194,0.936
2195,0.9538
2196,0.9488
2197,0.9867
2198,0.9937
2199,0.4762
2200,0.9472
2201,0.9967
2202,0.9987
2203,0.9439
2204,0.9064
2205,0.8501
2206,0.963
2207,0.4404
2208,0.952
2209,0.9743
2210,0.7947
2211,0.9737
2212,0.972
2213,0.9586
2214,0.9929
2215,0.9154
2216,-0.296
2217,0.9472
2218,0.7722
2219,0.9985
2220,0.9246
2221,0.2644
2222,0.991
2223,0.7548
2224,0.9885
2225,0.9446
2226,0.9967
2227,0.9962
2228,0.916
2229,0.9556
2230,0.9787
2231,0.9982
2232,0.9516
2233,0.9743
2234,0.9932
2235,0.5252
2236,0.9967
2237,0.7236
2238,0.8966
2239,0.9539
2240,0.9633
2241,0.921
2242,0.9633
2243,-0.4019
2244,0.9141
2245,0.995
2246,0.5252
2247,0.9472
2248,0.9633
2249,0.5252
2250,0.9331
2251,0.9986
2252,0.9141
2253,0.9926
2254,0.5252
2255,0.9724
2256,0.9844
2257,0.9134
2258,0.9525
2259,0.9947
2260,0.963
2261,0.9844
2262,0.9707
2263,0.9822
2264,0.3612
2265,0.9679
2266,0.8591
2267,0.9844
2268,0.9929
2269,0.1823
2270,0.8201
2271,0.7722
2272,0.9926
2273,0.9985
2274,-0.296
2275,0.9936
2276,0.9992
2277,0.916
2278,0.9475
2279,-0.296
2280,0.9987
2281,0.9505
2282,0.9937
2283,0.9883
2284,0.9439
2285,0.8974
2286,0.8501
2287,0.9724
2288,0.9937
2289,0.9992
2290,0.9883
2291,0.9775
2292,0.9937
2293,0.9345
2294,0.9883
2295,0.9967
2296,0.9987
2297,0.9334
2298,0.8619
2299,0.9709
2300,0.997
2301,0.9743
2302,0.1546
2303,-0.673
2304,0.9831
2305,0.9987
2306,0.9784
2307,0.9943
2308,-0.296
2309,0.9937
2310,0.986
2311,0.9932
2312,0.9285
2313,0.8619
2314,0.9943
2315,0.9937
2316,0.998
2317,0.9783
2318,0.9743
2319,0.8243
2320,0.9929
2321,0.9936
2322,0.997
2323,0.9764
2324,0.9822
2325,0.1823
2326,0.9783
2327,0.4762
2328,0.2644
2329,0.9697
2330,0.9732
2331,0.6689
2332,0.9334
2333,0.9792
2334,0.7722
2335,0.8253
2336,0.8966
2337,0.9141
2338,0.963
2339,0.9475
2340,0.9154
2341,0.9617
2342,0.4762
2343,0.9643
2344,0.8563
2345,0.9633
2346,0.9345
2347,0.9141
2348,0.9967
2349,0.9633
2350,0.9474
2351,0.8966
2352,0.9962
2353,0.9737
2354,0.9141
2355,0.9947
2356,0.4762
2357,0.9724
2358,0.9967
2359,0.5252
2360,0.9439
2361,0.1823
2362,0.9937
2363,0.9883
2364,0.9987
2365,0.9867
2366,0.6689
2367,0.9984
2368,0.9984
2369,0.7643
2370,0.9709
2371,0.9446
2372,-0.5647
2373,0.9736
2374,0.9967
2375,0.9987
2376,0.9924
2377,0.1546
2378,0.9505
2379,0.9967
2380,0.9937
2381,0.9787
2382,0.1546
2383,0.9809
2384,0.8253
2385,0.1823
2386,0.8591
2387,0.1546
2388,0.8253
2389,0.9809
2390,0.9633
2391,0.9967
2392,0.9822
2393,0.9967
2394,0.4762
2395,-0.296
2396,0.9924
2397,0.9967
2398,0.9936
2399,0.921
2400,0.8619
2401,0.1546
2402,0.9246
2403,0.9385
2404,0.9982
2405,0.9979
2406,0.9666
2407,0.9937
2408,0.8266
2409,0.9967
2410,0.8591
2411,0.899
2412,0.9967
2413,0.9439
2414,0.9937
2415,0.9285
2416,0.9831
2417,0.9505
2418,0.9937
2419,0.9932
2420,0.9932
2421,0.9666
2422,0.9679
2423,0.899
2424,0.8735
2425,0.8176
2426,0.9809
2427,0.9439
2428,0.8619
2429,0.6689
2430,0.9709
2431,0.9899
2432,0.9331
2433,0.9709
2434,0.9709
2435,0.9996
2436,0.9997
2437,0.9924
2438,0.9936
2439,0.9439
2440,0.986
2441,0.9932
2442,0.9449
2443,0.9967
2444,0.9141
2445,0.9246
2446,0.9937
2447,0.9784
2448,0.9987
2449,0.9919
2450,0.9992
2451,0.9472
2452,0.9439
2453,0.9866
2454,0.9828
2455,0.9586
2456,0.9141
2457,0.9992
2458,0.921
2459,0.9985
2460,0.9679
2461,0.9246
2462,0.9943
2463,0.1548
2464,0.9647
2465,0.7548
2466,0.9883
2467,0.9967
2468,0.935
2469,0.8591
2470,0.9439
2471,0.9982
2472,0.8966
2473,0.988
2474,0.5574
2475,0.9932
2476,0.9994
2477,0.963
2478,0.9631
2479,0.8243
2480,0.9932
2481,0.9932
2482,0.9937
2483,0.9697
2484,0.9932
2485,0.9962
2486,0.9986
2487,0.9439
2488,0.9397
2489,0.9647
2490,0.4762
2491,0.9439
2492,0.9775
2493,0.9001
2494,0.9743
2495,0.9992
2496,0.9984
2497,0.9924
2498,0.8957
2499,0.9936
2500,0.9989
2501,0.629
2502,0.9474
2503,0.4762
2504,0.8176
2505,0.9569
2506,0.9679
2507,0.8966
2508,0.7579
2509,0.8371
2510,-0.5364
2511,0.9724
2512,0.9967
2513,0.9967
2514,0.9968
2515,0.9472
2516,0.9932
2517,0.9472
2518,0.9967
2519,0.9855
2520,0.9439
2521,0.9539
2522,0.8966
2523,0.9472
2524,0.963
2525,0.9154
2526,-0.296
2527,0.9929
2528,0.9743
2529,0.8619
2530,0.9764
2531,0.3612
2532,0.9331
2533,0.9926
2534,0.8984
2535,0.9633
2536,0.9633
2537,0.7964
2538,0.8966
2539,0.9828
2540,-0.673
2541,0.979
2542,0.9844
2543,0.9764
2544,0.4404
2545,0.9787
2546,0.9936
2547,0.979
2548,0.9439
2549,0.8984
2550,0.8984
2551,0.9987
2552,0.9899
2553,0.9937
2554,0.9929
2555,0.9992
2556,0.9937
2557,0.9929
2558,0.8591
2559,0.9743
2560,0.9569
2561,0.9166
2562,0.8767
2563,0.9967
2564,0.9709
2565,0.9792
2566,0.9866
2567,0.9385
2568,0.9679
2569,0.9936
2570,0.9992
2571,0.9929
2572,0.9932
2573,-0.296
2574,0.587
2575,0.9924
2576,0.9992
2577,0.9943
2578,0.8966
2579,0.9987
2580,0.9936
2581,0.9924
2582,0.9992
2583,0.9709
2584,0.9904
2585,0.8966
2586,0.965
2587,0.9932
2588,0.986
2589,0.6759
2590,0.916
2591,0.9472
2592,0.9932
2593,0.9967
2594,0.9932
2595,0.3571
2596,0.9822
2597,0.9062
2598,0.629
2599,0.9472
2600,0.9987
2601,0.9982
2602,0.9936
2603,0.9246
2604,0.9792
2605,0.8966
2606,0.1546
2607,0.9984
2608,0.891
2609,0.9488
2610,0.9666
2611,0.9996
2612,0.9297
2613,0.9331
2614,0.3734
2615,0.9883
2616,0.9834
2617,0.9833
2618,0.9936
2619,-0.1887
2620,0.7089
2621,0.9371
2622,0.9743
2623,0.7722
2624,0.9932
2625,0.9633
2626,0.7089
2627,0.9991
2628,0.4404
2629,0.9158
2630,0.9784
2631,0.9403
2632,0.9936
2633,0.9926
2634,0.9967
2635,0.9967
2636,0.8516
2637,0.9987
2638,0.9709
2639,0.8501
2640,0.9062
2641,-0.1887
2642,0.6631
2643,0.9987
2644,0.9967
2645,0.9246
2646,0.9932
2647,-0.7455
2648,0.9932
2649,0.9921
2650,0.988
2651,0.687
2652,0.9814
2653,0.4404
2654,0.9439
2655,0.9633
2656,0.9987
2657,0.9934
2658,0.9992
2659,0.9992
2660,0.9967
2661,0.9987
2662,0.9932
2663,0.9982
2664,-0.5364
2665,0.9936
2666,0.9985
2667,0.8619
2668,0.9709
2669,0.9661
2670,0.9975
2671,0.9867
2672,-0.7352
2673,0.9345
2674,0.963
2675,0.916
2676,0.9883
2677,0.9867
2678,0.9963
2679,0.9633
2680,0.9924
2681,0.9141
2682,0.9967
2683,0.9827
2684,0.9932
2685,0.9709
2686,0.9992
2687,0.9679
2688,0.9937
2689,-0.296
2690,0.9986
2691,0.9932
2692,0.9141
2693,0.9505
2694,0.6357
2695,0.9929
2696,0.9987
2697,0.7722
2698,0.9883
2699,0.9246
2700,0.9924
2701,0.6759
2702,0.9932
2703,0.793
2704,0.9967
2705,0.9987
2706,0.9987
2707,0.9141
2708,0.765
2709,0.8974
2710,0.899
2711,0.8834
2712,0.9246
2713,0.952
2714,0.9967
2715,0.9967
2716,0.9987
2717,0.9993
2718,0.9967
2719,0.9992
2720,0.9943
2721,0.9937
2722,0.9996
2723,0.9822
2724,0.9062
2725,0.9709
2726,0.1546
2727,0.8501
2728,0.8619
2729,0.9709
2730,0.8619
2731,0.8501
2732,0.9937
2733,0.296
2734,0.1546
2735,0.9992
2736,0.9867
2737,0.1546
2738,0.9141
2739,0.9937
2740,0.9141
2741,0.381
2742,0.8448
2743,0.381
2744,0.9475
2745,0.8619
2746,0.9881
2747,0.8883
2748,0.381
2749,0.3612
2750,0.9982
2751,-0.4019
2752,0.9866
2753,0.3612
2754,0.9743
2755,0.9987
2756,0.9936
2757,0.8735
2758,0.9433
2759,0.8329
2760,0.9617
2761,0.9633
2762,0.9986
2763,0.9784
2764,0.8735
2765,-0.296
2766,0.9763
2767,0.4762
2768,0.6689
2769,0.9855
2770,0.9784
2771,0.381
2772,0.381
2773,0.9932
2774,0.9967
2775,0.9936
2776,0.9246
2777,0.9439
2778,0.9809
2779,0.8957
2780,0.9945
2781,0.916
2782,0.9985
2783,0.9937
2784,0.1004
2785,0.9743
2786,0.9475
2787,0.9883
2788,0.9745
2789,0.96
2790,-0.296
2791,0.9899
2792,0.9709
2793,0.9899
2794,0.9743
2795,0.9633
2796,0.9947
2797,0.9784
2798,0.1546
2799,0.3612
2800,0.9967
2801,0.981
2802,0.9867
2803,0.9987
2804,0.4939
2805,0.9992
2806,0.9505
2807,0.9987
2808,0.9932
2809,0.9937
2810,0.8883
2811,0.6689
2812,0.6631
2813,0.8883
2814,0.9855
2815,0.9895
2816,0.9947
2817,0.8883
2818,0.9906
2819,0.9569
2820,0.9784
2821,0.9783
2822,0.8687
2823,0.9633
2824,0.9472
2825,0.9731
2826,0.9787
2827,0.9827
2828,0.9967
2829,0.9001
2830,0.9967
2831,0.9925
2832,0.9814
2833,0.9433
2834,0.3612
2835,0.9569
2836,0.4404
2837,0.9433
2838,0.8591
2839,0.9947
2840,0.8563
2841,0.9505
2842,0.9745
2843,0.9932
2844,0.9833
2845,0.9822
2846,0.8957
2847,0.8529
2848,0.9827
2849,0.6689
2850,0.9997
2851,0.8842
2852,0.381
2853,0.9929
2854,0.9932
2855,0.9924
2856,0.9947
2857,0.7964
2858,0.8966
2859,0.7964
2860,0.9732
2861,0.9001
2862,0.9993
2863,0.921
2864,0.9921
2865,0.9997
2866,0.9967
2867,0.9737
2868,-0.673
2869,0.9866
2870,0.9867
2871,0.9984
2872,0.8966
2873,0.4762
2874,0.9929
2875,0.9967
2876,0.9633
2877,0.9525
2878,0.9967
2879,0.9967
2880,0.9937
2881,-0.0161
2882,0.8767
2883,0.9924
2884,0.9821
2885,0.9633
2886,0.687
2887,0.988
2888,0.9633
2889,0.9279
2890,0.9783
2891,0.9246
2892,0.9525
2893,0.8591
2894,0.7579
2895,0.921
2896,0.9987
2897,0.9844
2898,0.9962
2899,0.9709
2900,0.8253
2901,0.765
2902,0.9899
2903,0.9385
2904,0.96
2905,0.9775
2906,0.9984
2907,0.765
2908,0.9992
2909,0.9833
2910,0.936
2911,0.9424
2912,0.9987
2913,0.965
2914,0.7722
2915,0.8201
2916,0.9867
2917,0.9992
2918,0.8735
2919,0.9638
2920,0.9967
2921,0.9962
2922,0.9439
2923,0.9929
2924,0.9764
2925,0.9867
2926,-0.296
2927,0.3612
2928,0.9967
2929,0.765
2930,0.9775
2931,0.989
2932,0.8501
2933,0.9662
2934,0.9449
2935,0.8717
2936,0.9929
2937,0.9828
2938,0.9929
2939,0.9987
2940,0.9472
2941,0.9967
2942,0.9764
2943,0.9472
2944,0.9472
2945,0.8082
2946,-0.296
2947,0.9062
2948,0.9732
2949,0.9852
2950,0.9924
2951,-0.4109
2952,0.9867
2953,0.9679
2954,0.989
2955,-0.296
2956,0.9962
2957,0.9967
2958,0.793
2959,0.9815
2960,0.9967
2961,-0.1973
2962,0.9829
2963,0.9482
2964,0.9334
2965,-0.9578
2966,0.8591
2967,0.9062
2968,0.7933
2969,0.9932
2970,0.8591
2971,0.9761
2972,0.793
2973,0.9787
2974,0.9775
2975,0.296
2976,0.765
2977,0.9732
2978,0.9943
2979,0.1548
2980,0.9936
2981,0.9943
2982,0.9433
2983,0.0276
2984,0.9769
2985,0.587
2986,0.9987
2987,0.9792
2988,0.9967
2989,0.9992
2990,0.9624
2991,0.8253
2992,0.916
2993,0.9967
2994,0.9967
2995,0.9393
2996,0.8735
2997,0.8619
2998,0.9297
2999,0.997
3000,0.9538
3001,0.9246
3002,0.9967
3003,0.7579
3004,0.9141
3005,0.989
3006,0.9482
3007,0.8176
3008,0.9867
3009,0.9967
3010,0.9867
3011,0.9936
3012,0.9926
3013,0.1546
3014,0.9992
3015,0.9986
3016,0.9154
3017,0.1823
3018,0.8253
3019,0.9936
3020,0.9987
3021,0.9787
3022,0.9866
3023,0.9783
3024,0.9861
3025,0.9472
3026,0.9947
3027,0.9943
3028,0.9924
3029,0.765
3030,0.9955
3031,0.5574
3032,0.916
3033,0.8966
3034,0.7918
3035,0.936
3036,0.9822
3037,0.9062
3038,0.9482
3039,0.9833
3040,0.8735
3041,0.765
3042,0.6729
3043,-0.296
3044,0.9141
3045,0.9932
3046,0.9867
3047,0.9936
3048,0.9507
3049,0.9707
3050,0.9929
3051,0.9987
3052,0.3734
3053,0.962
3054,0.9141
3055,0.6631
3056,0.9062
3057,0.381
3058,0.8957
3059,0.7089
3060,0.997
3061,0.9062
3062,0.9737
3063,0.9313
3064,0.9992
3065,0.921
3066,0.3206
3067,0.9936
3068,0.9985
3069,0.957
3070,0.9831
3071,0.997
3072,0.9861
3073,-0.1887
3074,0.9981
3075,0.8717
3076,0.9921
3077,0.9987
3078,0.9967
3079,0.9516
3080,0.5318
3081,0.9785
3082,0.9821
3083,0.9652
3084,-0.393
3085,0.9936
3086,0.9449
3087,0.9984
3088,0.8151
3089,0.8966
3090,0.952
3091,0.9513
3092,0.4404
3093,0.9382
3094,0.9967
3095,0.9967
3096,0.9926
3097,0.9505
3098,0.9475
3099,0.9926
3100,0.9285
3101,0.9633
3102,0.9992
3103,0.9967
3104,0.9992
3105,0.8201
3106,0.9906
3107,0.9987
3108,0.9924
3109,0.9062
3110,0.9926
3111,0.9967
3112,0.9967
3113,0.4404
3114,0.9904
3115,0.9141
3116,0.3612
3117,0.9633
3118,-0.7455
3119,0.9475
3120,0.9285
3121,0.9945
3122,0.9331
3123,0.9586
3124,0.9987
3125,0.9765
3126,0.9516
3127,0.8501
3128,0.9569
3129,0.9932
3130,0.296
3131,0.9967
3132,0.9778
3133,0.9439
3134,0.9924
3135,0.9338
3136,0.9784
3137,0.8984
3138,0.9986
3139,0.8243
3140,0.765
3141,0.9638
3142,0.9983
3143,0.9633
3144,0.9708
3145,0.9141
3146,0.965
3147,0.8966
3148,0.4762
3149,0.8735
3150,0.995
3151,0.916
3152,0.793
3153,0.8501
3154,0.9893
3155,0.8977
3156,0.9994
3157,0.6925
3158,-0.9578
3159,0.6641
3160,0.9967
3161,0.7772
3162,0.4404
3163,0.5252
3164,0.9141
3165,0.5318
3166,0.8735
3167,0.9449
3168,0.8529
3169,0.9936
3170,0.988
3171,0.899
3172,0.9929
3173,0.9993
3174,0.9967
3175,0.9994
3176,0.9775
3177,0.9141
3178,0.9967
3179,0.7579
3180,0.9141
3181,0.7964
3182,0.9418
3183,0.9828
3184,0.9936
3185,0.9775
3186,0.9439
3187,0.9921
3188,0.765
3189,0.9062
3190,0.9885
3191,0.9383
3192,0.9727
3193,0.765
3194,0.9285
3195,0.9334
3196,0.9994
3197,0.9967
3198,0.9962
3199,0.972
3200,0.9795
3201,0.9141
3202,0.9937
3203,0.8735
3204,0.9921
3205,0.9647
3206,0.9925
3207,0.9737
3208,0.9967
3209,0.9994
3210,0.9334
3211,0.9538
3212,0.9962
3213,0.8462
3214,-0.0161
3215,0.9932
3216,0.6925
3217,0.939
3218,0.9814
3219,-0.9578
3220,0.8591
3221,0.9783
3222,0.25
3223,0.9475
3224,0.9827
3225,0.9962
3226,0.9154
3227,0.8966
3228,0.8082
3229,0.9141
3230,0.9666
3231,0.8966
3232,0.9987
3233,0.765
3234,0.761
3235,0.1546
3236,0.9967
3237,0.3612
3238,0.4404
3239,0.1546
3240,0.9569
3241,0.9745
3242,0.9475
3243,0.8966
3244,-0.0161
3245,0.9937
3246,0.921
3247,0.587
3248,0.9727
3249,0.9795
3250,0.9643
3251,0.9433
3252,0.6631
3253,0.9418
3254,0.9929
3255,0.9885
3256,0.9924
3257,0.9643
3258,0.9505
3259,0.9783
3260,-0.7455
3261,0.9001
3262,0.9783
3263,0.7003
3264,0.9998
3265,-0.393
3266,0.9732
3267,0.9439
3268,0.836
3269,0.994
3270,0.7089
3271,0.9813
3272,0.965
3273,0.9482
3274,0.5574
3275,0.9995
3276,0.9001
3277,0.9472
3278,0.9472
3279,0.3571
3280,0.989
3281,0.9439
3282,0.8176
3283,0.9538
3284,0.9936
3285,0.9871
3286,0.96
3287,0.8867
3288,0.9707
3289,0.9982
3290,0.9141
3291,0.9883
3292,0.9926
3293,0.9855
3294,0.9679
3295,0.9285
3296,0.9992
3297,0.6486
3298,0.9924
3299,0.9992
3300,0.6631
3301,0.9867
3302,0.9992
3303,0.899
3304,0.9472
3305,0.981
3306,0.9679
3307,0.9921
3308,0.9987
3309,0.9986
3310,0.9946
3311,0.9647
3312,0.9992
3313,0.9679
3314,0.9936
3315,0.9852
3316,0.9967
3317,0.3612
3318,0.7964
3319,0.952
3320,-0.5597
3321,0.9331
3322,0.9919
3323,0.986
3324,0.9967
3325,0.2644
3326,0.9986
3327,0.9439
3328,0.9141
3329,0.5252
3330,0.9775
3331,0.9525
3332,0.8984
3333,0.9792
3334,0.9993
3335,0.9638
3336,0.9992
3337,0.7554
3338,0.9001
3339,0.9985
3340,-0.1531
3341,0.4762
3342,0.9937
3343,0.899
3344,0.3612
3345,0.952
3346,0.8687
3347,0.9926
3348,0.9062
3349,0.9932
3350,0.9929
3351,0.9158
3352,0.9833
3353,0.2263
3354,0.9472
3355,0.9855
3356,0.9525
3357,0.381
3358,0.9525
3359,0.9647
3360,0.899
3361,0.9932
3362,-0.4019
3363,0.8984
3364,0.9822
3365,-0.673
3366,0.9141
3367,0.9724
3368,0.9992
3369,0.989
3370,0.9449
3371,0.9937
3372,0.9586
3373,0.979
3374,0.899
3375,0.9814
3376,0.3612
3377,0.9943
3378,0.9929
3379,0.965
3380,0.9921
3381,0.989
3382,0.5252
3383,0.9763
3384,0.9638
3385,0.9285
3386,0.9904
3387,0.9967
3388,0.9992
3389,0.4762
3390,0.3612
3391,0.9967
3392,0.9724
3393,0.988
3394,0.9881
3395,0.9569
3396,0.9525
3397,0.9745
3398,-0.1973
3399,0.9062
3400,0.963
3401,0.9926
3402,0.1823
3403,0.9924
3404,0.9472
3405,0.989
3406,0.9844
3407,0.8591
3408,0.952
3409,0.8735
3410,0.972
3411,0.995
3412,0.9969
3413,0.9937
3414,0.9982
3415,0.9932
3416,-0.7352
3417,0.9646
3418,0.9679
3419,0.8834
3420,-0.296
3421,0.936
3422,0.9866
3423,0.9867
3424,-0.9578
3425,0.9449
3426,0.9967
3427,0.8176
3428,0.957
3429,0.9062
3430,0.9967
3431,0.9439
3432,0.9775
3433,0.9662
3434,0.963
3435,0.9929
3436,0.9899
3437,0.9932
3438,0.9924
3439,0.5252
3440,0.9962
3441,0.9967
3442,0.687
3443,0.9569
3444,0.9926
3445,0.9633
3446,0.9709
3447,0.9828
3448,0.9001
3449,0.687
3450,0.8984
3451,0.9958
3452,0.9992
3453,0.4939
3454,0.9993
3455,0.9932
3456,0.9472
3457,0.1546
3458,0.9937
3459,0.9932
3460,0.9382
3461,0.9987
3462,0.9967
3463,0.9924
3464,0.9899
3465,0.9505
3466,0.9926
3467,0.989
3468,0.687
3469,0.9141
3470,-0.7352
3471,0.9985
3472,0.9932
3473,0.9724
3474,0.9937
3475,0.9926
3476,0.7579
3477,0.9973
3478,0.9967
3479,0.9967
3480,0.9962
3481,0.9844
3482,0.9783
3483,-0.5597
3484,0.9924
3485,0.8501
3486,0.9992
3487,0.9932
3488,0.9569
3489,0.9795
3490,0.9472
3491,0.793
3492,0.8243
3493,-0.5364
3494,-0.4019
3495,0.9932
3496,0.9987
3497,0.3612
3498,0.9936
3499,0.7947
3500,0.9947
3501,0.9967
3502,0.9994
3503,0.7772
3504,0.9814
3505,0.9967
3506,0.9967
3507,0.9666
3508,0.8619
3509,0.9967
3510,0.9881
3511,0.9297
3512,0.9693
3513,0.9745
3514,0.9285
3515,0.9947
3516,0.9439
3517,0.7772
3518,0.9638
3519,-0.5364
3520,0.8591
3521,0.9709
3522,0.4404
3523,0.9633
3524,0.765
3525,0.9967
3526,0.9474
3527,0.4624
3528,0.9586
3529,0.9505
3530,0.6689
3531,0.9141
3532,0.9062
3533,0.921
3534,0.899
3535,0.8329
3536,0.9062
3537,0.972
3538,0.9216
3539,0.9984
3540,0.9246
3541,0.9992
3542,0.4762
3543,0.9638
3544,0.9967
3545,0.9108
3546,0.9881
3547,0.9992
3548,0.9743
3549,0.8735
3550,0.9831
3551,0.9982
3552,0.9062
3553,0.8984
3554,0.687
3555,0.9906
3556,0.972
3557,0.1823
3558,0.9166
3559,0.986
3560,0.8974
3561,0.9936
3562,0.9993
3563,0.8867
3564,0.9118
3565,0.9937
3566,0.1823
3567,-0.5364
3568,0.9763
3569,0.9982
3570,0.9936
3571,0.9709
3572,0.9472
3573,0.9992
3574,0.7964
3575,0.9108
3576,0.9828
3577,0.9987
3578,0.629
3579,0.7947
3580,0.9936
3581,0.9926
3582,0.972
3583,0.9986
3584,0.9866
3585,0.899
3586,0.9867
3587,0.9661
3588,0.9482
3589,0.9969
3590,0.7236
3591,0.9724
3592,0.9732
3593,0.9397
3594,0.8966
3595,0.9334
3596,0.6611
3597,0.587
3598,0.3571
3599,0.765
3600,0.9439
3601,0.9932
3602,0.9967
3603,0.8966
3604,0.7722
3605,0.1823
3606,0.9967
3607,0.765
3608,0.9736
3609,0.9141
3610,0.1546
3611,0.9822
3612,0.7089
3613,0.9936
3614,0.765
3615,0.9397
3616,0.9936
3617,0.9783
3618,0.9439
3619,0.9921
3620,0.9784
3621,0.9662
3622,0.8448
3623,-0.7352
3624,0.9737
3625,0.9679
3626,0.1546
3627,0.9345
3628,0.9246
3629,0.936
3630,0.9617
3631,0.9118
3632,0.9937
3633,0.9987
3634,0.9775
3635,0.9992
3636,0.9763
3637,0.687
3638,0.9926
3639,0.9001
3640,0.9904
3641,0.9472
3642,0.8966
3643,0.9345
3644,0.9737
3645,0.9926
3646,0.9932
3647,0.8966
3648,0.7003
3649,0.9638
3650,0.9833
3651,0.991
3652,0.9
3653,0.9679
3654,0.9001
3655,0.9472
3656,0.9778
3657,0.9731
3658,0.9967
3659,0.793
3660,0.9154
3661,0.9516
3662,0.9246
3663,0.9439
3664,0.9764
3665,0.9633
3666,0.7548
3667,0.9967
3668,0.7964
3669,0.9936
3670,0.9937
3671,0.9987
3672,0.9833
3673,0.9987
3674,0.9982
3675,0.96
3676,0.9472
3677,0.7964
3678,0.9967
3679,0.9828
3680,0.9932
3681,0.9924
3682,0.9967
3683,0.9932
3684,-0.4852
3685,0.921
3686,0.0
3687,0.9987
3688,0.988
3689,0.96
3690,0.9784
3691,0.9906
3692,0.9433
3693,0.8253
3694,0.9743
3695,0.9141
3696,0.9158
3697,0.9967
3698,0.9987
3699,0.381
3700,0.9724
3701,0.9926
3702,0.9743
3703,-0.296
3704,0.9001
3705,0.4404
3706,0.9833
3707,0.9982
3708,0.9697
3709,0.3612
3710,0.997
3711,0.9982
3712,0.891
3713,0.9679
3714,0.1546
3715,0.9867
3716,0.687
3717,0.9472
3718,0.9814
3719,0.9331
3720,0.9943
3721,0.9507
3722,0.9724
3723,0.9924
3724,0.9141
3725,0.965
3726,0.381
3727,0.8966
3728,0.8966
3729,0.9661
3730,0.994
3731,0.9475
3732,0.9962
3733,0.6689
3734,0.9936
3735,0.9987
3736,0.9062
3737,0.9998
3738,0.8966
3739,0.9543
3740,0.9764
3741,0.9991
3742,0.972
3743,0.765
3744,0.9709
3745,0.9633
3746,0.9867
3747,0.9449
3748,0.9633
3749,0.9992
3750,0.9279
3751,0.952
3752,0.9743
3753,0.9888
3754,0.9505
3755,0.5252
3756,0.962
3757,0.9992
3758,0.4404
3759,0.9926
3760,0.8243
3761,0.9967
3762,0.9246
3763,0.9985
3764,0.8448
3765,0.7389
3766,0.9724
3767,0.9967
3768,0.9792
3769,0.9987
3770,0.9992
3771,0.9141
3772,0.8329
3773,0.9967
3774,0.9539
3775,0.9992
3776,0.9724
3777,0.9962
3778,0.9924
3779,0.4588
3780,0.9743
3781,0.9967
3782,0.9967
3783,0.687
3784,0.8462
3785,0.9001
3786,0.5467
3787,0.687
3788,0.9924
3789,0.9784
3790,0.9929
3791,0.9945
3792,0.9936
3793,0.9984
3794,0.9505
3795,0.9932
3796,0.9992
3797,0.9403
3798,0.5252
3799,0.9967
3800,0.9505
3801,0.9929
3802,0.9679
3803,0.9987
3804,0.7722
3805,0.9792
3806,0.9919
3807,0.9932
3808,0.9472
3809,0.9967
3810,0.9062
3811,0.9472
3812,0.9937
3813,0.9828
3814,0.7933
3815,0.957
3816,0.9904
3817,0.9989
3818,0.9246
3819,0.9246
3820,0.9472
3821,0.9297
3822,0.8834
3823,0.9924
3824,0.9062
3825,0.9285
3826,0.8501
3827,0.9904
3828,0.9996
3829,0.7003
3830,0.765
3831,0.9867
3832,0.9881
3833,0.9785
3834,0.8625
3835,0.9158
3836,0.9936
3837,0.8243
3838,0.9449
3839,0.9775
3840,0.935
3841,0.8852
3842,0.9919
3843,0.8687
3844,0.9783
3845,0.9834
3846,0.9787
3847,0.9989
3848,0.9382
3849,0.9441
3850,0.5423
3851,0.9993
3852,0.8266
3853,0.9543
3854,0.9724
3855,0.8516
3856,0.7236
3857,0.965
3858,0.9987
3859,0.965
3860,0.8591
3861,0.9778
3862,0.9525
3863,0.9516
3864,0.9947
3865,0.4762
3866,0.9967
3867,0.9986
3868,0.9985
3869,0.9844
3870,0.9881
3871,0.5252
3872,0.7003
3873,0.9679
3874,-0.7352
3875,0.9516
3876,0.9569
3877,0.9787
3878,0.9987
3879,0.9936
3880,0.9919
3881,0.9569
3882,0.6689
3883,0.8176
3884,0.9546
3885,0.6689
3886,0.793
3887,0.9932
3888,0.4762
3889,0.796
3890,0.9821
3891,0.8619
3892,0.9814
3893,-0.673
3894,0.9331
3895,0.3612
3896,0.9967
3897,0.9516
3898,0.9638
3899,0.8516
3900,0.9962
3901,0.9921
3902,0.9154
3903,0.9814
3904,0.9472
3905,0.9633
3906,0.9936
3907,0.8934
3908,0.9473
3909,0.9679
3910,0.9072
3911,0.9763
3912,0.8966
3913,0.9895
3914,0.9001
3915,0.8966
3916,0.9475
3917,0.9962
3918,0.9472
3919,0.9924
3920,0.9924
3921,0.1823
3922,0.9925
3923,0.1823
3924,0.9984
3925,-0.296
3926,0.9158
3927,-0.8471
3928,0.8516
3929,0.9967
3930,0.7554
3931,0.9345
3932,0.8591
3933,0.9062
3934,0.7964
3935,0.9334
3936,0.9844
3937,0.9822
3938,0.9924
3939,0.9967
3940,0.9936
3941,0.1823
3942,0.9709
3943,0.985
3944,0.9861
3945,0.9907
3946,0.4939
3947,0.7579
3948,0.8735
3949,0.9991
3950,0.9638
3951,0.9937
3952,0.6486
3953,0.8735
3954,0.8176
3955,0.9932
3956,0.5252
3957,0.989
3958,0.9936
3959,-0.1887
3960,0.9987
3961,0.8966
3962,0.9475
3963,0.1546
3964,0.381
3965,0.687
3966,0.8974
3967,0.9929
3968,0.9784
3969,0.9967
3970,0.9967
3971,0.9945
3972,-0.296
3973,0.9936
3974,0.9895
3975,0.952
3976,0.9709
3977,0.765
3978,0.9967
3979,0.9783
3980,0.8619
3981,0.3612
3982,0.7469
3983,0.2834
3984,0.9962
3985,0.9967
3986,0.9743
3987,-0.393
3988,0.8984
3989,0.9926
3990,0.9449
3991,0.5252
3992,0.8462
3993,0.9936
3994,0.381
3995,0.8687
3996,0.9932
3997,0.9708
3998,0.9158
3999,0.9932
4000,0.9967
4001,0.9916
4002,0.8735
4003,0.9867
4004,0.9707
4005,0.5778
4006,0.9967
4007,0.6486
4008,0.9708
4009,0.9992
4010,0.9986
4011,0.957
4012,0.9844
4013,0.8591
4014,0.9279
4015,0.9732
4016,0.9433
4017,0.9141
4018,0.9647
4019,0.9787
4020,0.9924
4021,0.6611
4022,0.8834
4023,0.9569
4024,0.9543
4025,0.9778
4026,0.9763
4027,0.9633
4028,0.9472
4029,0.9062
4030,0.9633
4031,0.9946
4032,0.9643
4033,0.3612
4034,0.9937
4035,0.9134
4036,0.9986
4037,0.9881
4038,0.9569
4039,0.1548
4040,0.972
4041,0.8265
4042,0.9433
4043,0.9337
4044,0.8834
4045,0.7003
4046,0.7772
4047,0.9948
4048,0.8559
4049,0.9899
4050,0.9992
4051,0.9924
4052,0.9951
4053,0.8108
4054,0.9764
4055,0.9967
4056,0.8966
4057,0.986
4058,0.793
4059,0.9507
4060,0.9726
4061,0.9967
4062,0.7389
4063,0.8966
4064,0.9539
4065,0.9967
4066,0.9975
4067,0.9154
4068,0.9525
4069,0.9975
4070,0.9141
4071,0.3612
4072,0.1546
4073,0.9994
4074,0.9778
4075,0.9967
4076,0.9787
4077,0.9569
4078,0.9783
4079,0.936
4080,-0.0161
4081,0.986
4082,0.9633
4083,0.9942
4084,0.7469
4085,0.9855
4086,0.8883
4087,0.9929
4088,0.9313
4089,0.9967
4090,0.9371
4091,0.8883
4092,0.9943
4093,0.9769
4094,0.1546
4095,0.9724
4096,-0.296
4097,0.9743
4098,0.8591
4099,-0.2755
4100,0.9809
4101,0.9472
4102,0.6925
4103,0.7722
4104,0.9516
4105,0.9743
4106,0.9929
4107,0.9775
4108,0.9996
4109,0.9769
4110,0.9943
4111,0.6816
4112,0.9919
4113,0.9246
4114,0.9724
4115,0.9814
4116,0.9992
4117,0.9775
4118,0.916
4119,0.9992
4120,0.9345
4121,0.9985
4122,0.916
4123,0.9867
4124,-0.296
4125,0.9763
4126,0.9158
4127,0.9982
4128,0.9345
4129,0.9866
4130,0.9964
4131,0.9996
4132,0.988
4133,0.7469
4134,0.9929
4135,0.629
4136,0.9334
4137,0.9134
4138,0.9724
4139,0.9158
4140,0.965
4141,0.9926
4142,0.9505
4143,0.9967
4144,0.9937
4145,0.8883
4146,0.9507
4147,0.2644
4148,0.9992
4149,0.9844
4150,0.9945
4151,0.9554
4152,0.9787
4153,0.793
4154,0.9472
4155,0.765
4156,0.9932
4157,0.9937
4158,0.6759
4159,0.9906
4160,0.965
4161,0.9968
4162,0.9866
4163,0.9844
4164,-0.673
4165,0.9924
4166,0.1548
4167,0.8842
4168,0.9141
4169,0.9449
4170,0.9638
4171,0.9926
4172,0.9472
4173,0.9967
4174,0.9516
4175,0.9764
4176,0.9783
4177,0.9472
4178,0.9472
4179,0.9809
4180,0.9154
4181,0.9932
4182,0.9967
4183,0.9861
4184,0.9141
4185,0.8735
4186,-0.296
4187,0.8176
4188,0.9525
4189,0.9994
4190,0.765
4191,0.9763
4192,0.4939
4193,0.9867
4194,0.9926
4195,0.9967
4196,0.9403
4197,0.9764
4198,0.9881
4199,0.9141
4200,0.8966
4201,0.9724
4202,0.9937
4203,0.8966
4204,0.9947
4205,0.9925
4206,0.9505
4207,0.9936
4208,0.8834
4209,0.7579
4210,0.8591
4211,0.9778
4212,0.8588
4213,0.9943
4214,0.9505
4215,0.988
4216,0.8984
4217,0.9924
4218,-0.742
4219,0.9967
4220,0.9764
4221,0.9525
4222,0.8501
4223,0.9385
4224,-0.2755
4225,0.8834
4226,0.8735
4227,0.9967
4228,0.9472
4229,0.9967
4230,0.9743
4231,0.4588
4232,0.9697
4233,0.9936
4234,0.9472
4235,0.9833
4236,0.9697
4237,0.9937
4238,0.8243
4239,-0.1887
4240,0.8977
4241,0.9929
4242,0.8329
4243,0.9543
4244,0.9985
4245,0.9987
4246,0.629
4247,0.8735
4248,0.9992
4249,0.4762
4250,0.9932
4251,0.9967
4252,0.9449
4253,0.8974
4254,0.9936
4255,0.9439
4256,0.793
4257,0.9987
4258,0.9992
4259,0.9141
4260,0.9992
4261,0.9775
4262,0.9679
4263,0.9992
4264,0.9679
4265,0.9904
4266,0.9062
4267,0.989
4268,0.9926
4269,0.9345
4270,0.9439
4271,0.9937
4272,0.9926
4273,0.9707
4274,0.9472
4275,0.4404
4276,0.8448
4277,0.8984
4278,0.9764
4279,0.9992
4280,0.9919
4281,0.9743
4282,0.9246
4283,0.9924
4284,0.9929
4285,0.4939
4286,0.9633
4287,0.9141
4288,0.9795
4289,-0.5647
4290,0.8966
4291,0.8966
4292,0.4373
4293,0.9569
4294,0.9638
4295,0.1823
4296,0.9987
4297,0.4939
4298,0.6689
4299,0.9724
4300,0.9895
4301,0.9992
4302,0.9783
4303,0.9967
4304,0.9867
4305,0.9424
4306,0.9345
4307,-0.296
4308,0.9926
4309,0.9154
4310,0.991
4311,0.9986
4312,0.9783
4313,0.9887
4314,0.9929
4315,0.921
4316,0.9334
4317,0.765
4318,0.3612
4319,0.8966
4320,0.9883
4321,0.765
4322,0.629
4323,0.9963
4324,0.9932
4325,0.997
4326,0.9937
4327,0.381
4328,0.9967
4329,0.9668
4330,0.9538
4331,0.8966
4332,0.9331
4333,0.9475
4334,0.9141
4335,0.9987
4336,0.9937
4337,0.8735
4338,0.9784
4339,0.793
4340,-0.7352
4341,0.9062
4342,0.9964
4343,-0.673
4344,0.9969
4345,0.9932
4346,-0.673
4347,0.965
4348,0.9418
4349,0.8501
4350,0.9708
4351,0.9937
4352,0.9993
4353,0.9987
4354,0.9166
4355,0.1823
4356,0.9475
4357,0.8176
4358,0.9822
4359,0.9967
4360,0.4762
4361,0.9962
4362,0.9867
4363,0.9666
4364,0.9439
4365,0.8176
4366,0.9889
4367,0.9472
4368,0.9693
4369,0.9924
4370,0.9947
4371,0.3612
4372,0.9534
4373,0.9334
4374,0.9472
4375,0.9929
4376,0.3612
4377,0.9967
4378,0.9992
4379,0.765
4380,0.5252
4381,0.9134
4382,0.9929
4383,0.9932
4384,0.9775
4385,0.9141
4386,0.8842
4387,0.9997
4388,0.4762
4389,0.7772
4390,0.9984
4391,0.9539
4392,0.9987
4393,0.9775
4394,0.381
4395,0.9473
4396,0.9937
4397,0.9967
4398,0.6759
4399,0.957
4400,0.7089
4401,0.995
4402,-0.1887
4403,0.9761
4404,0.9472
4405,0.9829
4406,0.9986
4407,0.9809
4408,0.4404
4409,0.9439
4410,-0.673
4411,0.9141
4412,0.9821
4413,0.629
4414,0.7389
4415,-0.673
4416,0.793
4417,0.9885
4418,0.9992
4419,0.9929
4420,0.1548
4421,0.9708
4422,-0.673
4423,0.765
4424,0.9919
4425,0.9984
4426,0.8243
4427,0.381
4428,0.9967
4429,-0.7455
4430,0.9475
4431,0.986
4432,0.9926
4433,0.9967
4434,0.9967
4435,0.9334
4436,0.7236
4437,0.8966
4438,0.9681
4439,0.5252
4440,0.765
4441,0.9987
4442,0.5423
4443,0.5252
4444,0.9246
4445,0.9792
4446,0.9932
4447,0.9783
4448,0.9783
4449,0.9285
4450,0.1546
4451,0.9543
4452,0.765
4453,0.9472
4454,0.9974
4455,0.9987
4456,0.9439
4457,0.9586
4458,0.1546
4459,0.765
4460,0.9926
4461,0.9745
4462,0.9932
4463,0.8966
4464,0.9154
4465,0.9539
4466,0.8735
4467,0.9719
4468,0.936
4469,0.9924
4470,0.9331
4471,0.916
4472,0.9985
4473,0.9924
4474,0.9709
4475,0.6249
4476,-0.0161
4477,0.9763
4478,0.9992
4479,0.9936
4480,0.9246
4481,0.9764
4482,0.8591
4483,0.9246
4484,0.1546
4485,0.9814
4486,0.9472
4487,0.965
4488,0.9196
4489,0.9246
4490,0.9937
4491,-0.8447
4492,0.9449
4493,0.9987
4494,0.9957
4495,0.9967
4496,0.9662
4497,0.9345
4498,0.9996
4499,0.9943
4500,0.9775
4501,0.9662
4502,0.9821
4503,0.9472
4504,0.9929
4505,0.9987
4506,0.1546
4507,0.1823
4508,0.9783
4509,0.9943
4510,0.9001
4511,0.9158
4512,0.9991
4513,0.9967
4514,0.9967
4515,0.986
4516,0.5252
4517,0.9795
4518,0.9134
4519,-0.8471
4520,0.9996
4521,0.9525
4522,0.6689
4523,0.4762
4524,0.9638
4525,0.9827
4526,0.9967
4527,0.9141
4528,0.9424
4529,0.8201
4530,0.8735
4531,0.9867
4532,0.9844
4533,0.9996
4534,0.8588
4535,0.9992
4536,0.9783
4537,0.921
4538,0.997
4539,0.9673
4540,0.9936
4541,0.9984
4542,0.9546
4543,0.9679
4544,0.9507
4545,0.96
4546,0.9679
4547,0.8966
4548,0.9821
4549,0.5318
4550,0.7089
4551,0.9992
4552,0.9994
4553,0.8563
4554,0.9062
4555,0.4762
4556,0.9638
4557,0.9539
4558,0.9709
4559,0.9937
4560,0.9505
4561,0.381
4562,0.9895
4563,0.9987
4564,0.9967
4565,0.9472
4566,0.9919
4567,0.1548
4568,0.9062
4569,0.952
4570,0.8842
4571,0.9888
4572,-0.7352
4573,0.9738
4574,0.8591
4575,0.9433
4576,0.9943
4577,0.9772
4578,0.9403
4579,0.9285
4580,0.9787
4581,0.9982
4582,0.9929
4583,0.8619
4584,0.9987
4585,0.9844
4586,0.9246
4587,0.9831
4588,0.9997
4589,0.9666
4590,0.9516
4591,0.8201
4592,0.965
4593,0.9989
4594,0.4404
4595,0.9403
4596,0.9072
4597,0.9538
4598,0.965
4599,0.8735
4600,0.9334
4601,0.9246
4602,0.8619
4603,0.9852
4604,0.7964
4605,0.9962
4606,0.9919
4607,0.9822
4608,0.9679
4609,0.9764
4610,0.9921
4611,0.9724
4612,0.9881
4613,0.9493
4614,0.9981
4615,0.9722
4616,0.8448
4617,0.9967
4618,0.9967
4619,0.9814
4620,0.9472
4621,0.9883
4622,0.9697
4623,0.9285
4624,0.9937
4625,0.9867
4626,0.9624
4627,0.9921
4628,0.9072
4629,0.9947
4630,0.9472
4631,0.4404
4632,0.9072
4633,0.1548
4634,0.9154
4635,0.9992
4636,0.9331
4637,0.1546
4638,0.9967
4639,0.9399
4640,0.9906
4641,-0.1973
4642,0.9937
4643,0.9993
4644,0.765
4645,0.9707
4646,0.6759
4647,0.9926
4648,0.9932
4649,0.9472
4650,0.9883
4651,0.9814
4652,0.989
4653,0.9784
4654,0.9982
4655,0.9141
4656,0.9932
4657,0.9932
4658,0.4939
4659,0.9992
4660,0.936
4661,0.5252
4662,0.997
4663,0.8253
4664,0.9919
4665,0.9246
4666,0.9787
4667,0.9924
4668,0.9732
4669,0.9472
4670,0.9141
4671,0.963
4672,0.836
4673,0.965
4674,0.9975
4675,0.9827
4676,0.9785
4677,-0.1887
4678,0.9246
4679,-0.673
4680,0.765
4681,0.5252
4682,0.9472
4683,0.9403
4684,0.9932
4685,0.9062
4686,0.9984
4687,0.9932
4688,0.4404
4689,0.9936
4690,0.9967
4691,0.9987
4692,0.9285
4693,0.9539
4694,0.7579
4695,0.9967
4696,0.3571
4697,0.9345
4698,0.9987
4699,0.9809
4700,-0.742
4701,0.9638
4702,0.9987
4703,0.3612
4704,0.4404
4705,0.9397
4706,-0.5597
4707,0.9861
4708,0.9867
4709,0.965
4710,0.8501
4711,0.9985
4712,0.9743
4713,0.9924
4714,0.9424
4715,0.9638
4716,0.9449
4717,0.7722
4718,0.4404
4719,0.9967
4720,-0.673
4721,0.9745
4722,0.4404
4723,0.8563
4724,0.9926
4725,0.9345
4726,0.9943
4727,0.9285
4728,0.952
4729,0.9399
4730,0.965
4731,0.9929
4732,0.9041
4733,0.9937
4734,0.9472
4735,0.9989
4736,0.9967
4737,-0.296
4738,0.9992
4739,0.9967
4740,0.9921
4741,0.9921
4742,0.9246
4743,0.9834
4744,0.9967
4745,0.9987
4746,0.8516
4747,0.8243
4748,0.7554
4749,0.9924
4750,0.9331
4751,0.997
4752,-0.7352
4753,0.9246
4754,0.9852
4755,0.8717
4756,0.9987
4757,0.9986
4758,0.9586
4759,0.7579
4760,0.7003
4761,0.3612
4762,0.9924
4763,0.5252
4764,0.9525
4765,0.9955
4766,0.9433
4767,0.9001
4768,-0.8471
4769,0.9895
4770,0.8966
4771,0.9686
4772,0.9475
4773,0.9686
4774,0.8966
4775,0.9638
4776,0.9926
4777,0.9709
4778,-0.7352
4779,0.9936
4780,0.8966
4781,0.9382
4782,0.9784
4783,0.9937
4784,0.9867
4785,0.9724
4786,0.9987
4787,0.9334
4788,0.9141
4789,-0.673
4790,0.9906
4791,0.9967
4792,0.9345
4793,0.994
4794,0.9968
4795,0.9784
4796,0.6486
4797,0.8966
4798,0.9982
4799,0.9724
4800,0.9962
4801,0.9906
4802,0.9885
4803,0.9534
4804,0.8984
4805,0.9475
4806,0.9945
4807,0.687
4808,0.899
4809,0.9967
4810,0.8984
4811,-0.2755
4812,0.5467
4813,0.8883
4814,0.9992
4815,0.9992
4816,0.936
4817,0.629
4818,0.9926
4819,0.8243
4820,0.7089
4821,0.8687
4822,0.381
4823,0.9967
4824,0.9783
4825,0.9516
4826,0.8984
4827,0.9784
4828,0.8984
4829,0.9505
4830,0.9743
4831,0.8834
4832,0.9936
4833,0.9439
4834,0.9964
4835,-0.296
4836,0.9899
4837,0.9403
4838,0.9475
4839,0.9709
4840,0.3612
4841,-0.296
4842,0.9925
4843,0.9967
4844,0.9331
4845,0.9709
4846,0.9246
4847,0.9921
4848,0.9992
4849,0.9987
4850,0.9987
4851,0.9397
4852,0.5252
4853,0.9987
4854,0.765
4855,0.9731
4856,0.9929
4857,0.9885
4858,0.9334
4859,0.9624
4860,0.9987
4861,0.7947
4862,0.9987
4863,0.9822
4864,0.9967
4865,0.997
4866,0.9967
4867,0.9967
4868,0.9439
4869,0.9967
4870,0.8176
4871,0.7722
4872,0.9932
4873,0.9984
4874,0.986
4875,0.1546
4876,0.9887
4877,0.972
4878,0.9154
4879,0.9141
4880,0.9987
4881,0.4762
4882,0.381
4883,0.9936
4884,0.1546
4885,0.9472
4886,0.9996
4887,0.9932
4888,-0.673
4889,0.793
4890,0.9679
4891,0.9987
4892,0.8516
4893,0.9967
4894,0.9947
4895,0.381
4896,0.9785
4897,0.9967
4898,0.9731
4899,0.9932
4900,0.3571
4901,0.9987
4902,0.9365
4903,0.9062
4904,0.9986
4905,0.8974
4906,0.9673
4907,0.9987
4908,0.9158
4909,0.1548
4910,-0.4019
4911,0.9996
4912,0.5252
4913,0.9784
4914,0.9822
4915,0.765
4916,0.9686
4917,0.9967
4918,0.9987
4919,0.9904
4920,-0.673
4921,-0.7352
4922,0.8834
4923,0.9472
4924,0.9454
4925,0.935
4926,0.9865
4927,0.9932
4928,-0.673
4929,0.9904
4930,0.4404
4931,0.9472
4932,0.3612
4933,-0.9396
4934,0.936
4935,0.9986
4936,0.9987
4937,0.998
4938,0.9724
4939,0.9937
4940,0.9949
4941,0.5252
4942,0.9987
4943,0.9781
4944,0.4588
4945,0.9141
4946,-0.4019
4947,0.8966
4948,0.9962
4949,0.9967
4950,0.9831
4951,0.9775
4952,0.8108
4953,0.9433
4954,0.9929
4955,0.9867
4956,0.9967
4957,0.9815
4958,-0.393
4959,0.6357
4960,0.9937
4961,0.9967
4962,0.8974
4963,0.9967
4964,0.9177
4965,0.9792
4966,0.9967
4967,0.9709
4968,0.9967
4969,0.9472
4970,0.9834
4971,0.4404
4972,0.9141
4973,0.9967
4974,0.9967
4975,0.8176
4976,0.9401
4977,0.9986
4978,0.765
4979,0.9062
4980,0.6759
4981,0.8984
4982,0.9967
4983,0.9707
4984,0.9987
4985,0.6759
4986,0.962
4987,0.9439
4988,0.9936
4989,0.936
4990,0.9313
4991,0.997
4992,0.9967
4993,0.96
4994,0.8834
4995,0.9967
4996,0.6759
4997,0.8329
4998,0.9334
4999,0.8243
5000,0.9885
5001,0.9784
5002,0.381
5003,-0.2755
5004,0.9936
5005,0.9417
5006,0.8966
5007,0.8176
5008,0.9724
5009,0.9984
5010,0.9987
5011,0.9967
5012,0.9929
5013,0.9975
5014,-0.296
5015,0.9967
5016,-0.7352
5017,0.9987
5018,0.9937
5019,0.9062
5020,0.9743
5021,0.9313
5022,0.9924
5023,0.9439
5024,0.9936
5025,0.9141
5026,0.9945
5027,0.9943
5028,0.9967
5029,0.9154
5030,0.8966
5031,0.9516
5032,0.9921
5033,0.9141
5034,0.9966
5035,0.8371
5036,0.9932
5037,0.965
5038,0.9646
5039,0.9967
5040,0.9967
5041,0.9334
5042,0.9345
5043,0.9638
5044,0.9472
5045,0.9967
5046,0.7964
5047,0.9967
5048,0.9285
5049,0.9724
5050,0.1546
5051,0.9881
5052,0.9472
5053,0.9647
5054,0.9334
5055,0.9828
5056,0.9967
5057,0.9196
5058,0.9987
5059,0.9996
5060,0.9936
5061,0.9709
5062,0.2644
5063,0.9382
5064,0.9967
5065,0.9929
5066,0.9141
5067,0.9709
5068,0.899
5069,0.9787
5070,0.9865
5071,0.9439
5072,0.9987
5073,0.9937
5074,0.5778
5075,0.9809
5076,0.8344
5077,0.9764
5078,0.9993
5079,-0.673
5080,0.9895
5081,0.9967
5082,0.9809
5083,0.836
5084,0.9775
5085,0.9967
5086,0.9929
5087,0.9967
5088,0.8619
5089,0.8974
5090,0.9924
5091,0.6369
5092,0.997
5093,0.9937
5094,0.9141
5095,0.9743
5096,0.9792
5097,0.9743
5098,0.9472
5099,0.9828
5100,0.9775
5101,0.9967
5102,0.9967
5103,0.9064
5104,0.9709
5105,0.9737
5106,0.9924
5107,0.9943
5108,0.9666
5109,0.9967
5110,0.9516
5111,0.9062
5112,0.9246
5113,0.9984
5114,0.7933
5115,0.9936
5116,0.9967
5117,0.836
5118,0.7933
5119,-0.4852
5120,0.9994
5121,0.765
5122,0.9921
5123,0.9679
5124,0.9967
5125,0.9967
5126,0.9439
5127,0.1546
5128,0.994
5129,0.9844
5130,0.995
5131,0.8501
5132,-0.673
5133,0.9285
5134,0.9932
5135,0.9936
5136,0.9992
5137,0.9992
5138,0.9439
5139,0.9967
5140,0.9648
5141,0.9967
5142,0.4404
5143,-0.673
5144,0.9387
5145,0.9947
5146,0.7089
5147,-0.296
5148,0.9724
5149,0.629
5150,0.8243
5151,0.9987
5152,0.9992
5153,0.9929
5154,0.9936
5155,0.8501
5156,0.9967
5157,0.9943
5158,0.9472
5159,0.9834
5160,0.9586
5161,0.629
5162,0.9472
5163,0.9867
5164,0.9967
5165,0.9924
5166,0.7791
5167,0.9538
5168,0.9967
5169,0.9937
5170,0.9937
5171,0.8842
5172,0.9719
5173,0.9513
5174,-0.1513
5175,0.9772
5176,0.8966
5177,0.8717
5178,0.9814
5179,0.963
5180,0.9883
5181,0.9992
5182,0.9732
5183,0.9647
5184,0.9745
5185,0.9761
5186,0.9929
5187,0.9403
5188,-0.4852
5189,0.963
5190,0.9867
5191,0.9861
5192,0.9141
5193,0.9904
5194,0.8619
5195,0.687
5196,0.9982
5197,0.9906
5198,0.899
5199,0.9945
5200,0.9822
5201,0.9984
5202,0.9822
5203,-0.4019
5204,0.9943
5205,0.973
5206,0.9985
5207,0.9338
5208,0.9709
5209,0.9993
5210,0.9732
5211,0.9062
5212,0.8591
5213,0.381
5214,0.9246
5215,0.9987
5216,0.9709
5217,0.997
5218,0.9141
5219,0.9821
5220,0.9525
5221,0.7947
5222,0.9926
5223,0.9822
5224,0.8108
5225,0.7003
5226,0.9958
5227,0.9919
5228,0.9967
5229,0.9885
5230,0.9967
5231,0.9852
5232,0.5252
5233,0.957
5234,0.9727
5235,0.9932
5236,0.9679
5237,0.9967
5238,0.9822
5239,0.9141
5240,0.9932
5241,0.9792
5242,0.6689
5243,0.9697
5244,0.9814
5245,0.96
5246,0.9814
5247,0.9985
5248,0.9992
5249,0.7722
5250,0.9764
5251,0.9472
5252,0.9158
5253,0.9867
5254,0.9962
5255,0.9472
5256,0.9673
5257,0.9298
5258,0.9997
5259,0.9472
5260,0.6611
5261,0.9967
5262,0.921
5263,0.9932
5264,0.9936
5265,0.9992
5266,-0.673
5267,0.9586
5268,0.4762
5269,0.9929
5270,0.9975
5271,0.9516
5272,0.9638
5273,0.9141
5274,0.9945
5275,0.9141
5276,0.9967
5277,0.9885
5278,0.9936
5279,0.9816
5280,0.9932
5281,0.989
5282,0.9932
5283,0.9929
5284,0.9285
5285,0.9516
5286,0.9936
5287,0.9763
5288,0.9992
5289,0.9947
5290,0.9638
5291,0.9885
5292,0.9583
5293,0.9962
5294,0.9989
5295,0.9525
5296,0.9943
5297,0.9929
5298,0.9732
5299,0.9783
5300,0.9472
5301,0.9638
5302,0.8501
5303,0.9784
5304,0.9929
5305,0.9936
5306,0.9967
5307,0.9472
5308,0.8735
5309,-0.2263
5310,0.9775
5311,0.3612
5312,0.9984
5313,0.9967
5314,0.9
5315,0.9769
5316,0.3612
5317,0.963
5318,0.899
5319,0.9919
5320,0.9737
5321,0.9141
5322,0.8966
5323,-0.7352
5324,0.963
5325,0.9936
5326,0.9987
5327,0.8852
5328,0.9936
5329,0.687
5330,0.9345
5331,0.9967
5332,0.9787
5333,0.8619
5334,0.9962
5335,0.986
5336,0.9929
5337,0.9967
5338,0.9955
5339,0.9679
5340,0.9001
5341,0.8966
5342,0.9926
5343,0.9867
5344,0.1546
5345,0.8883
5346,0.9525
5347,0.9987
5348,0.9987
5349,0.9936
5350,0.6759
5351,0.9937
5352,0.9505
5353,0.9997
5354,0.9738
5355,0.9967
5356,0.9929
5357,0.9709
5358,0.9883
5359,0.9883
5360,0.9987
5361,0.9246
5362,0.9888
5363,0.8619
5364,0.4939
5365,0.9967
5366,0.9554
5367,0.9633
5368,0.1548
5369,0.8834
5370,0.9929
5371,0.7236
5372,0.997
5373,0.9743
5374,0.9141
5375,0.9586
5376,0.1548
5377,0.9505
5378,0.9945
5379,0.9507
5380,0.9986
5381,0.9992
5382,0.9784
5383,0.9731
5384,0.5252
5385,0.9062
5386,0.4404
5387,0.765
5388,0.9985
5389,0.3734
5390,0.9724
5391,0.9814
5392,0.952
5393,0.9822
5394,0.972
5395,0.9994
5396,0.936
5397,0.921
5398,0.765
5399,0.9924
5400,0.9883
5401,0.9297
5402,0.989
5403,0.765
5404,0.9661
5405,0.9947
5406,0.9331
5407,0.899
5408,0.936
5409,0.9285
5410,0.9382
5411,0.8563
5412,0.9446
5413,-0.6542
5414,0.8735
5415,0.9924
5416,0.9866
5417,0.9844
5418,0.7089
5419,0.9538
5420,0.9446
5421,0.899
5422,0.8735
5423,0.8974
5424,0.9472
5425,0.7469
5426,0.965
5427,0.9472
5428,0.4762
5429,0.9761
5430,0.9731
5431,0.9937
5432,0.9334
5433,0.9737
5434,0.9525
5435,0.9904
5436,0.9921
5437,-0.296
5438,0.9449
5439,0.7389
5440,0.9072
5441,0.9666
5442,0.9583
5443,0.899
5444,0.9732
5445,0.9967
5446,0.8717
5447,0.9895
5448,0.8867
5449,0.9921
5450,0.9246
5451,0.985
5452,0.9121
5453,0.1546
5454,0.9814
5455,0.9118
5456,0.9638
5457,0.9666
5458,0.9546
5459,0.6689
5460,0.8563
5461,0.952
5462,0.8266
5463,0.9828
5464,0.9652
5465,0.9724
5466,0.9968
5467,0.8501
5468,0.7652
5469,0.9482
5470,0.9962
5471,0.9984
5472,0.979
5473,0.9986
5474,0.8201
5475,0.9937
5476,0.9932
5477,-0.4019
5478,0.7003
5479,0.296
5480,-0.742
5481,0.4762
5482,0.9569
5483,0.9833
5484,0.989
5485,0.8852
5486,0.9996
5487,0.1546
5488,0.9937
5489,0.9871
5490,0.9787
5491,0.6689
5492,0.972
5493,0.9962
5494,0.9633
5495,0.9881
5496,0.9962
5497,-0.4019
5498,0.8243
5499,0.793
5500,0.916
5501,0.9986
5502,0.9446
5503,0.9947
5504,0.952
5505,0.9246
5506,0.1823
5507,0.4588
5508,0.997
5509,0.9822
5510,-0.1513
5511,0.7236
5512,0.9118
5513,0.9921
5514,0.9738
5515,0.9967
5516,0.9792
5517,0.7469
5518,0.9516
5519,0.939
5520,0.994
5521,0.9885
5522,0.8501
5523,0.4939
5524,0.9992
5525,0.2644
5526,0.9982
5527,0.9505
5528,0.9822
5529,0.8966
5530,0.9775
5531,0.9985
5532,0.9924
5533,0.9716
5534,0.8201
5535,0.9505
5536,0.9525
5537,0.9932
5538,0.9652
5539,0.9929
5540,0.9686
5541,0.4404
5542,0.8563
5543,0.8478
5544,0.9904
5545,0.9814
5546,0.9743
5547,0.9987
5548,0.9943
5549,0.9822
5550,0.9936
5551,0.9992
5552,0.8883
5553,0.9724
5554,0.9906
5555,0.8462
5556,0.8883
5557,0.9996
5558,0.952
5559,0.9783
5560,0.9775
5561,0.9881
5562,0.9929
5563,0.8687
5564,0.899
5565,0.9154
5566,0.9638
5567,0.916
5568,0.9932
5569,0.9246
5570,0.9321
5571,0.984
5572,0.9565
5573,0.9967
5574,0.981
5575,0.8516
5576,0.9899
5577,0.6486
5578,0.3612
5579,0.8516
5580,0.8966
5581,0.8966
5582,0.9985
5583,0.8966
5584,0.9141
5585,0.8176
5586,0.9475
5587,0.997
5588,0.9849
5589,0.8591
5590,0.8591
5591,0.8966
5592,0.9
5593,0.8974
5594,0.9732
5595,0.9883
5596,0.899
5597,0.629
5598,-0.5364
5599,0.9783
5600,0.9861
5601,0.1546
5602,0.6729
5603,-0.5364
5604,0.629
5605,0.9924
5606,0.381
5607,0.9932
5608,-0.673
5609,0.4404
5610,0.9974
5611,0.9992
5612,0.9385
5613,0.9697
5614,0.9986
5615,0.9985
5616,0.9987
5617,0.9994
5618,0.9709
5619,0.995
5620,0.9475
5621,0.9473
5622,0.9439
5623,0.9861
5624,0.9844
5625,0.9246
5626,0.899
5627,-0.5994
5628,0.9967
5629,0.9707
5630,0.9439
5631,0.9996
5632,0.9861
5633,0.9967
5634,0.9141
5635,0.9987
5636,0.9472
5637,0.9992
5638,0.9331
5639,0.9633
5640,0.9996
5641,0.8966
5642,0.9937
5643,0.381
5644,0.9975
5645,0.9946
5646,0.3612
5647,0.9371
5648,-0.7352
5649,0.9474
5650,-0.296
5651,0.9992
5652,0.4404
5653,-0.4019
5654,0.9937
5655,0.9867
5656,0.9569
5657,0.9924
5658,0.9569
5659,0.9141
5660,0.9827
5661,0.8201
5662,0.9724
5663,0.9809
5664,0.8201
5665,0.8448
5666,0.6689
5667,0.9787
5668,0.9724
5669,0.9986
5670,0.9967
5671,0.9784
5672,0.6689
5673,0.9472
5674,0.9439
5675,0.9987
5676,0.9
5677,0.899
5678,-0.1887
5679,0.9569
5680,0.9525
5681,0.9679
5682,-0.0161
5683,0.9472
5684,0.9943
5685,0.9331
5686,0.8783
5687,0.9424
5688,0.9814
5689,0.9987
5690,0.9943
5691,0.9505
5692,0.9062
5693,0.9827
5694,0.1823
5695,0.9936
5696,0.9737
5697,0.8984
5698,0.1823
5699,0.9991
5700,0.9967
5701,0.9987
5702,0.765
5703,0.9439
5704,0.9992
5705,0.9932
5706,0.8687
5707,0.9385
5708,0.9724
5709,0.9246
5710,0.1823
5711,0.9472
5712,0.9986
5713,0.989
5714,-0.0161
5715,0.3571
5716,-0.4019
5717,0.9337
5718,0.9732
5719,0.1546
5720,0.765
5721,0.4404
5722,0.9951
5723,0.4215
5724,0.9586
5725,0.989
5726,0.9472
5727,0.9647
5728,0.9783
5729,0.9967
5730,0.9864
5731,0.9932
5732,0.9792
5733,0.6542
5734,0.8619
5735,0.9708
5736,0.9473
5737,0.9601
5738,0.9924
5739,0.796
5740,-0.296
5741,0.9921
5742,0.9709
5743,0.8966
5744,0.9932
5745,0.9936
5746,0.9929
5747,0.9246
5748,0.9141
5749,0.9992
5750,0.9982
5751,0.9924
5752,0.381
5753,0.9926
5754,0.9987
5755,0.9724
5756,0.9936
5757,0.8735
5758,0.9906
5759,0.3571
5760,0.8501
5761,0.9924
5762,0.9867
5763,0.9285
5764,0.9472
5765,0.9814
5766,0.5574
5767,0.9472
5768,0.9516
5769,0.8717
5770,0.8852
5771,0.9709
5772,0.9334
5773,0.8966
5774,0.9936
5775,0.9936
5776,0.9822
5777,0.6689
5778,0.9246
5779,0.9439
5780,0.9929
5781,0.629
5782,0.9472
5783,0.9932
5784,0.9937
5785,0.936
5786,0.9439
5787,0.3612
5788,0.9334
5789,0.9968
5790,0.9932
5791,0.986
5792,0.979
5793,0.7722
5794,0.936
5795,0.997
5796,0.997
5797,0.7947
5798,0.9937
5799,0.9992
5800,0.9439
5801,0.9937
5802,0.8501
5803,0.9475
5804,0.9345
5805,0.7772
5806,0.9472
5807,0.9764
5808,0.9925
5809,0.9926
5810,0.3612
5811,0.962
5812,-0.9373
5813,0.9246
5814,0.939
5815,0.921
5816,0.9821
5817,0.9638
5818,0.9795
5819,0.9833
5820,0.9783
5821,0.8966
5822,0.9121
5823,0.6729
5824,0.921
5825,0.9998
5826,0.9697
5827,0.8516
5828,-0.9373
5829,0.9538
5830,0.997
5831,0.9932
5832,0.9761
5833,0.9962
5834,0.9539
5835,0.9867
5836,0.4939
5837,-0.7352
5838,0.9867
5839,0.9821
5840,0.9141
5841,0.9929
5842,0.8966
5843,0.9987
5844,0.9472
5845,-0.673
5846,0.988
5847,0.9943
5848,0.5252
5849,0.9996
5850,0.796
5851,0.9731
5852,0.9719
5853,0.9973
5854,0.991
5855,0.9732
5856,0.9787
5857,0.9993
5858,0.9062
5859,0.9906
5860,0.9822
5861,0.9617
5862,0.963
5863,0.7722
5864,0.9709
5865,0.9983
5866,0.9937
5867,0.9937
5868,0.988
5869,0.8974
5870,0.988
5871,0.979
5872,0.765
5873,0.921
5874,0.9783
5875,0.9134
5876,0.9967
5877,0.9334
5878,0.9297
5879,0.9987
5880,0.9983
5881,0.965
5882,0.9943
5883,0.9987
5884,0.9507
5885,-0.5994
5886,0.765
5887,0.9382
5888,0.9924
5889,0.7579
5890,0.9331
5891,0.9996
5892,0.9726
5893,0.9967
5894,-0.296
5895,0.9439
5896,0.3612
5897,0.9472
5898,0.9784
5899,0.5252
5900,0.9979
5901,0.9775
5902,0.9937
5903,0.9926
5904,0.9141
5905,0.9932
5906,0.9987
5907,0.7236
5908,0.9992
5909,0.9764
5910,0.9967
5911,0.9539
5912,0.9472
5913,0.9932
5914,0.9967
5915,0.8957
5916,0.997
5917,0.9985
5918,0.8329
5919,0.381
5920,0.9141
5921,0.96
5922,0.9525
5923,0.9141
5924,0.9994
5925,0.765
5926,0.8563
5927,0.9666
5928,0.9967
5929,0.9141
5930,0.1548
5931,0.9867
5932,0.761
5933,0.9967
5934,0.9285
5935,0.4762
5936,0.9141
5937,0.9679
5938,0.9986
5939,0.9924
5940,0.765
5941,0.963
5942,0.9987
5943,0.8984
5944,0.9904
5945,0.3612
5946,0.9992
5947,0.8966
5948,-0.296
5949,0.9936
5950,0.9285
5951,0.9814
5952,0.9775
5953,0.9943
5954,0.952
5955,0.9516
5956,0.977
5957,0.7548
5958,0.9666
5959,0.9833
5960,0.765
5961,0.9493
5962,0.9924
5963,0.9745
5964,0.9764
5965,0.9937
5966,0.9449
5967,0.9538
5968,0.9516
5969,0.9154
5970,0.9895
5971,0.939
5972,0.9298
5973,0.965
5974,0.9967
5975,0.9472
5976,0.96
5977,0.1823
5978,0.9062
5979,0.9809
5980,0.8591
5981,0.6759
5982,0.9937
5983,0.9943
5984,0.9472
5985,0.9613
5986,0.9795
5987,0.9331
5988,0.8501
5989,0.5467
5990,0.9743
5991,-0.7352
5992,0.9313
5993,0.9992
5994,0.9331
5995,0.7469
5996,0.8591
5997,0.9141
5998,0.9246
5999,0.965
6000,0.9969
6001,0.9985
6002,0.9967
6003,0.3612
6004,0.9745
6005,0.963
6006,0.3612
6007,0.9449
6008,0.9764
6009,0.9967
6010,0.916
6011,0.9475
6012,0.1823
6013,-0.7352
6014,0.4762
6015,0.9569
6016,0.4762
6017,0.5252
6018,0.9929
6019,0.9992
6020,0.9936
6021,0.9472
6022,0.9169
6023,0.9679
6024,0.9947
6025,0.9867
6026,0.4762
6027,0.3612
6028,0.9783
6029,0.9924
6030,0.9472
6031,0.9775
6032,0.8371
6033,0.9967
6034,0.9697
6035,0.9638
6036,0.9992
6037,0.9638
6038,0.9727
6039,0.9962
6040,0.9967
6041,0.9982
6042,0.9708
6043,0.9297
6044,0.9745
6045,0.9993
6046,0.9932
6047,0.9475
6048,0.9926
6049,0.9987
6050,0.9831
6051,0.9792
6052,0.9709
6053,0.965
6054,0.687
6055,0.9475
6056,0.9937
6057,0.9967
6058,0.9929
6059,0.9943
6060,0.9449
6061,0.9967
6062,0.9867
6063,0.9783
6064,0.9724
6065,-0.0161
6066,0.9709
6067,0.9967
6068,0.9792
6069,0.8151
6070,0.921
6071,0.8984
6072,0.9964
6073,0.9929
6074,0.9967
6075,0.9633
6076,0.9992
6077,0.9932
6078,0.4404
6079,0.916
6080,0.9937
6081,0.9784
6082,0.9906
6083,0.9475
6084,0.9937
6085,0.9784
6086,0.9679
6087,0.6816
6088,0.8501
6089,0.9987
6090,0.9439
6091,0.9967
6092,0.9472
6093,0.9919
6094,0.9246
6095,0.9679
6096,0.9967
6097,0.9784
6098,0.9141
6099,0.9141
6100,0.9987
6101,0.9929
6102,0.9967
6103,0.9472
6104,0.9997
6105,0.9992
6106,0.9472
6107,0.9001
6108,0.9633
6109,0.9778
6110,0.9967
6111,0.963
6112,0.9784
6113,0.9783
6114,0.4404
6115,0.9338
6116,0.9962
6117,0.9001
6118,0.9967
6119,0.8735
6120,0.4588
6121,0.9936
6122,0.952
6123,0.9936
6124,0.9924
6125,0.6631
6126,0.9962
6127,0.9331
6128,-0.673
6129,0.9904
6130,0.9761
6131,0.3571
6132,0.9937
6133,0.9525
6134,0.9709
6135,0.8591
6136,0.921
6137,0.9994
6138,0.9822
6139,0.9724
6140,0.9984
6141,0.2644
6142,0.9118
6143,0.9617
6144,0.9937
6145,0.9475
6146,0.9784
6147,0.8619
6148,-0.8471
6149,0.9929
6150,0.9134
6151,0.9987
6152,0.9987
6153,0.9885
6154,0.9472
6155,0.9472
6156,0.8957
6157,0.8201
6158,0.9764
6159,0.916
6160,0.8201
6161,0.8501
6162,0.9992
6163,0.994
6164,0.9937
6165,0.9769
6166,0.6729
6167,0.9996
6168,0.2644
6169,0.9932
6170,0.9967
6171,0.9987
6172,0.9709
6173,0.9992
6174,0.9967
6175,0.9472
6176,-0.9578
6177,0.9732
6178,0.9472
6179,0.9967
6180,0.916
6181,0.9638
6182,0.9937
6183,0.9937
6184,0.9638
6185,0.9924
6186,0.9994
6187,0.8176
6188,0.9731
6189,0.9936
6190,0.921
6191,0.9578
6192,0.9709
6193,0.965
6194,0.8501
6195,0.9987
6196,0.9385
6197,0.9825
6198,0.3612
6199,0.9523
6200,0.9984
6201,0.9412
6202,0.9787
6203,0.9525
6204,0.9932
6205,0.9992
6206,0.9992
6207,0.9987
6208,0.9709
6209,-0.673
6210,0.9987
6211,0.3612
6212,0.9987
6213,0.8619
6214,0.9987
6215,0.9472
6216,0.9439
6217,0.9924
6218,0.9763
6219,0.9987
6220,0.9285
6221,0.9783
6222,0.9967
6223,-0.5364
6224,0.7003
6225,0.9439
6226,0.9926
6227,0.9638
6228,0.5252
6229,0.9855
6230,0.9158
6231,0.9992
6232,0.4762
6233,0.9474
6234,0.9792
6235,0.9967
6236,0.9331
6237,0.9583
6238,-0.1973
6239,0.9932
6240,0.9141
6241,0.9967
6242,0.9783
6243,0.8176
6244,0.997
6245,0.9141
6246,-0.296
6247,0.957
6248,0.3571
6249,0.9285
6250,0.979
6251,0.9472
6252,0.9967
6253,0.9932
6254,0.4762
6255,0.9439
6256,0.9929
6257,0.3571
6258,0.9967
6259,0.9968
6260,0.9692
6261,0.9539
6262,0.9932
6263,0.9967
6264,0.9638
6265,0.989
6266,0.9929
6267,0.9967
6268,0.4404
6269,0.9141
6270,0.9867
6271,0.9764
6272,0.9345
6273,0.9062
6274,0.965
6275,0.9921
6276,0.9141
6277,0.9439
6278,0.9732
6279,0.9967
6280,0.9885
6281,0.3612
6282,0.8619
6283,0.9848
6284,0.9967
6285,0.629
6286,0.9992
6287,0.9986
6288,0.9992
6289,0.765
6290,0.965
6291,0.9987
6292,0.9831
6293,0.8717
6294,0.4404
6295,0.4373
6296,0.9472
6297,0.9967
6298,0.9472
6299,0.9967
6300,0.9992
6301,0.9996
6302,0.9707
6303,0.9062
6304,0.9472
6305,0.9967
6306,0.9738
6307,0.9932
6308,0.5252
6309,0.7469
6310,0.8329
6311,0.936
6312,0.9967
6313,0.9943
6314,0.9986
6315,0.9613
6316,0.9403
6317,0.1546
6318,0.3612
6319,-0.1887
6320,0.9932
6321,0.6689
6322,0.9984
6323,0.9474
6324,0.9997
6325,0.9313
6326,0.9449
6327,0.9525
6328,0.9709
6329,0.8966
6330,0.7579
6331,0.9809
6332,0.9732
6333,0.9866
6334,0.9987
6335,0.2644
6336,0.9821
6337,0.9724
6338,0.9638
6339,0.9474
6340,0.936
6341,0.7554
6342,0.9937
6343,0.9982
6344,0.9828
6345,0.9472
6346,0.9906
6347,0.9569
6348,0.9904
6349,0.9141
6350,-0.4109
6351,0.9937
6352,0.9633
6353,0.9968
6354,0.9967
6355,0.9449
6356,0.3571
6357,0.9
6358,-0.9373
6359,0.9297
6360,0.9924
6361,0.9
6362,0.9439
6363,0.957
6364,0.921
6365,0.7964
6366,0.9449
6367,0.9285
6368,0.9967
6369,0.7579
6370,0.9169
6371,0.9986
6372,0.5252
6373,0.9814
6374,0.9764
6375,0.8984
6376,0.9539
6377,0.9472
6378,0.9539
6379,0.9569
6380,0.9638
6381,-0.673
6382,0.3612
6383,0.7722
6384,-0.296
6385,0.9924
6386,0.7469
6387,0.997
6388,0.9285
6389,0.5778
6390,0.9331
6391,0.9787
6392,0.4939
6393,0.9765
6394,0.4404
6395,0.8243
6396,0.9919
6397,0.9001
6398,0.381
6399,0.9643
6400,0.9828
6401,0.9647
6402,0.9964
6403,0.8735
6404,0.9482
6405,0.8563
6406,0.9764
6407,0.9943
6408,0.9937
6409,0.9813
6410,0.6925
6411,0.963
6412,0.7772
6413,0.6369
6414,0.9968
6415,0.9646
6416,0.9984
6417,0.996
6418,0.8591
6419,0.793
6420,0.9737
6421,0.9937
6422,0.8329
6423,0.9937
6424,0.9822
6425,-0.9396
6426,0.9783
6427,0.7003
6428,0.9929
6429,0.9787
6430,0.9985
6431,0.8966
6432,0.9787
6433,0.8563
6434,0.8186
6435,0.9986
6436,0.981
6437,0.9926
6438,0.7003
6439,0.9928
6440,0.793
6441,0.96
6442,0.9975
6443,0.8834
6444,0.9523
6445,-0.8471
6446,0.9919
6447,0.9525
6448,0.9638
6449,0.9975
6450,0.9992
6451,0.9947
6452,0.6611
6453,0.9967
6454,0.9929
6455,0.9731
6456,0.7772
6457,0.9709
6458,0.9844
6459,0.9121
6460,0.9246
6461,0.9716
6462,0.9929
6463,-0.296
6464,0.9001
6465,0.952
6466,0.9924
6467,0.4762
6468,0.9569
6469,0.9763
6470,0.6729
6471,0.9992
6472,0.952
6473,0.9932
6474,0.9867
6475,0.765
6476,0.9141
6477,0.9334
6478,0.9141
6479,-0.393
6480,0.9647
6481,0.9866
6482,0.9783
6483,0.9787
6484,0.9631
6485,0.8516
6486,0.952
6487,0.9166
6488,0.9313
6489,0.9984
6490,0.9338
6491,0.9707
6492,0.9719
6493,0.9158
6494,0.9984
6495,0.9472
6496,0.8588
6497,0.9638
6498,0.9783
6499,0.7089
6500,0.916
6501,0.9814
6502,0.8718
6503,0.9313
6504,0.9775
6505,0.9855
6506,0.4762
6507,0.9764
6508,0.9943
6509,0.9709
6510,0.9062
6511,0.9505
6512,0.9279
6513,0.988
6514,0.9861
6515,0.9783
6516,0.5318
6517,0.9926
6518,0.9979
6519,0.984
6520,0.9633
6521,0.9001
6522,0.9639
6523,0.9372
6524,0.9831
6525,0.765
6526,0.9967
6527,0.997
6528,0.989
6529,0.381
6530,0.629
6531,0.9827
6532,-0.673
6533,0.9932
6534,0.765
6535,0.9646
6536,0.9709
6537,-0.0161
6538,0.9929
6539,0.8591
6540,0.9775
6541,0.9617
6542,0.9638
6543,0.8082
6544,0.9974
6545,0.9246
6546,0.9871
6547,0.9975
6548,0.8718
6549,0.8591
6550,0.1546
6551,0.9967
6552,0.9633
6553,0.8591
6554,0.8176
6555,0.9748
6556,0.9569
6557,0.1546
6558,0.3612
6559,-0.4405
6560,-0.7352
6561,0.9986
6562,0.7389
6563,0.3612
6564,0.9246
6565,0.9924
6566,0.793
6567,0.793
6568,0.9996
6569,0.8966
6570,0.0276
6571,0.9643
6572,0.9525
6573,0.899
6574,0.9569
6575,0.765
6576,0.296
6577,0.2644
6578,0.9899
6579,0.9784
6580,0.9783
6581,0.997
6582,0.9709
6583,0.963
6584,0.9814
6585,0.6611
6586,0.9996
6587,0.2644
6588,0.8966
6589,0.9844
6590,0.4939
6591,0.8883
6592,-0.4109
6593,0.9852
6594,0.9472
6595,-0.4019
6596,0.9926
6597,-0.4019
6598,0.9984
6599,0.9936
6600,0.8176
6601,0.9943
6602,0.687
6603,0.8974
6604,0.9778
6605,0.9893
6606,0.9472
6607,0.96
6608,0.9331
6609,0.9989
6610,0.965
6611,-0.4019
6612,0.989
6613,0.9569
6614,0.9987
6615,0.9822
6616,0.988
6617,0.9975
6618,0.1546
6619,0.9987
6620,0.3571
6621,0.9727
6622,0.8717
6623,0.4404
6624,0.9814
6625,-0.1788
6626,0.9439
6627,0.9633
6628,0.899
6629,0.9967
6630,0.9554
6631,0.8563
6632,0.9196
6633,0.936
6634,0.9992
6635,0.9962
6636,0.9983
6637,0.9783
6638,0.8176
6639,0.7469
6640,0.9962
6641,0.9967
6642,0.8668
6643,0.793
6644,-0.7352
6645,0.6689
6646,0.9963
6647,0.9987
6648,0.9885
6649,0.8717
6650,0.1546
6651,0.9505
6652,0.963
6653,0.9984
6654,0.9154
6655,0.9661
6656,0.9932
6657,0.8516
6658,0.9732
6659,0.9516
6660,0.9883
6661,0.9932
6662,0.9732
6663,0.8966
6664,0.9141
6665,0.9987
6666,0.9731
6667,0.9967
6668,0.4762
6669,0.998
6670,0.9895
6671,0.9867
6672,0.8966
6673,0.9937
6674,0.9745
6675,0.9141
6676,0.9993
6677,0.9943
6678,0.9154
6679,0.9967
6680,0.9987
6681,0.9475
6682,0.9866
6683,0.9926
6684,0.8201
6685,0.9472
6686,0.6729
6687,0.9998
6688,0.9984
6689,0.9924
6690,0.9852
6691,0.4404
6692,0.8687
6693,0.891
6694,0.9926
6695,0.9472
6696,0.7964
6697,0.9924
6698,0.6759
6699,0.921
6700,0.958
6701,0.9924
6702,0.963
6703,0.952
6704,0.989
6705,0.9996
6706,0.9992
6707,0.9679
6708,0.765
6709,0.9617
6710,0.9062
6711,0.9472
6712,0.981
6713,0.8717
6714,0.9439
6715,0.9062
6716,0.9967
6717,0.9992
6718,0.9472
6719,0.9992
6720,0.9948
6721,0.9433
6722,0.9783
6723,0.9062
6724,0.936
6725,0.9987
6726,0.965
6727,0.9921
6728,0.9709
6729,0.9775
6730,0.765
6731,0.9525
6732,0.9916
6733,0.9937
6734,0.9989
6735,0.7003
6736,0.9904
6737,0.9709
6738,0.9345
6739,0.8735
6740,0.8842
6741,0.9831
6742,0.9679
6743,0.9987
6744,0.997
6745,0.9932
6746,0.9439
6747,0.9719
6748,0.8735
6749,0.9974
6750,0.8687
6751,0.9855
6752,0.9062
6753,0.9732
6754,0.9866
6755,0.9936
6756,0.3571
6757,0.9984
6758,0.998
6759,0.9285
6760,0.9987
6761,0.9472
6762,0.963
6763,0.979
6764,0.9633
6765,0.1823
6766,0.9992
6767,0.9919
6768,0.96
6769,0.9709
6770,0.765
6771,0.9792
6772,0.9929
6773,0.9525
6774,0.9781
6775,0.9932
6776,0.979
6777,0.9472
6778,0.9987
6779,0.986
6780,0.381
6781,0.8501
6782,0.629
6783,0.6631
6784,0.9583
6785,0.9475
6786,0.9929
6787,0.8966
6788,0.9633
6789,0.9867
6790,0.765
6791,0.9707
6792,0.9617
6793,0.972
6794,0.8966
6795,0.9338
6796,0.9783
6797,0.965
6798,0.8966
6799,0.8966
6800,0.997
6801,0.8243
6802,0.9569
6803,0.9783
6804,0.6729
6805,0.8253
6806,0.296
6807,0.9158
6808,0.9743
6809,0.9992
6810,0.8966
6811,0.381
6812,0.9919
6813,0.9166
6814,0.9001
6815,0.9899
6816,0.9992
6817,0.9141
6818,0.9899
6819,0.9982
6820,0.9679
6821,0.9724
6822,0.9992
6823,0.9724
6824,0.9586
6825,0.3612
6826,0.9967
6827,0.9844
6828,0.9924
6829,0.9926
6830,0.9297
6831,0.9992
6832,0.9982
6833,0.965
6834,0.4762
6835,0.9967
6836,0.9904
6837,0.9345
6838,-0.7352
6839,0.7964
6840,0.9141
6841,0.9967
6842,-0.7352
6843,0.4762
6844,0.4939
6845,0.9967
6846,0.9967
6847,0.994
6848,0.9472
6849,0.9724
6850,0.9844
6851,0.9904
6852,0.8957
6853,0.9929
6854,0.9926
6855,0.9885
6856,0.9926
6857,0.9001
6858,0.8243
6859,0.9967
6860,0.8984
6861,0.9906
6862,-0.4019
6863,0.9709
6864,0.9924
6865,0.9866
6866,0.8243
6867,0.9668
6868,0.9141
6869,0.9516
6870,0.8974
6871,0.9246
6872,0.9932
6873,0.9472
6874,0.9929
6875,-0.4109
6876,0.8834
6877,0.9937
6878,0.9347
6879,0.9371
6880,0.9926
6881,0.9569
6882,0.9821
6883,0.9341
6884,0.9285
6885,0.9804
6886,0.9993
6887,0.9967
6888,0.9638
6889,0.9141
6890,0.997
6891,0.9921
6892,-0.1973
6893,0.7722
6894,0.9984
6895,0.9924
6896,0.9439
6897,0.9731
6898,0.9472
6899,0.9904
6900,0.9967
6901,0.9298
6902,0.4762
6903,0.9967
6904,0.997
6905,0.7389
6906,0.9968
6907,0.9983
6908,0.9895
6909,0.9666
6910,0.9285
6911,-0.673
6912,0.9827
6913,0.9967
6914,0.7772
6915,0.9285
6916,-0.9373
6917,0.9246
6918,0.9904
6919,0.921
6920,0.9709
6921,0.9937
6922,0.9475
6923,0.9633
6924,0.6486
6925,-0.673
6926,0.9926
6927,0.9932
6928,0.9246
6929,0.9996
6930,0.988
6931,-0.673
6932,0.965
6933,0.9709
6934,0.9867
6935,0.9709
6936,0.9539
6937,0.9285
6938,0.9994
6939,0.9932
6940,0.9784
6941,0.979
6942,0.9439
6943,-0.0161
6944,0.9784
6945,0.9792
6946,0.9996
6947,0.965
6948,0.8984
6949,0.9967
6950,0.8834
6951,-0.9578
6952,0.9867
6953,0.9987
6954,0.9992
6955,0.9246
6956,0.9709
6957,0.9731
6958,0.9937
6959,0.8448
6960,0.9967
6961,0.9439
6962,0.9994
6963,0.9937
6964,0.9987
6965,0.9967
6966,0.9932
6967,0.9505
6968,0.765
6969,0.988
6970,0.8619
6971,0.9947
6972,0.4404
6973,0.9743
6974,0.9992
6975,0.9987
6976,0.9439
6977,0.9297
6978,0.9881
6979,0.9141
6980,0.9967
6981,0.9784
6982,0.9732
6983,0.6689
6984,0.8501
6985,0.765
6986,0.9967
6987,0.9932
6988,0.9781
6989,0.9967
6990,0.9062
6991,0.9947
6992,0.2644
6993,0.1823
6994,0.9967
6995,0.9937
1,0.899
2,0.9867
3,0.9583
4,0.9992
5,0.9785
